Что должно иметь решающее значение при выборе водителем скорости движения в темное время суток?<br><br><ol><li>Предельные ограничения скорости, установленные Правилами</li><li>Максимальная конструктивная скорость, установленная технической характеристикой используемого транспортного средства</li><li>Условия видимости</li></ol>	"<b>Правильный ответ: 3. Условия видимости</b><hr>
<b>Правильный ответ: 3</b>
<br/>
            Очень важным моментом при движении в ночное время является выбор скорости движения. При этом следует учитывать главное условие - расстояние видимости водителем дороги должно превышать величину остановочного пути.
(«Техника управления автомобилем». Езда ночью)        "
Время управления грузовыми автомобилями, разрешенная максимальная масса которых превышает 3,5 т, и автобусами в течение календарной недели не должно превышать:<br><br><ol><li>48 часов</li><li>52 часов</li><li>56 часов</li><li>60 часов</li></ol>	"<b>Правильный ответ: 3. 56 часов</b><hr>
<b>Правильный ответ: 3</b>
<br/>
            Согласно п. <a href=""https://www.drom.ru/pdd/pdd/punkt_26_2/#p26_2"" target=""_blank"">26.2</a> ПДД время управления транспортным средством не должно превышать 56 часов в течение календарной недели.        "
В случае, когда правые колеса автомобиля наезжают на неукрепленную влажную обочину, рекомендуется:<br><br><ol><li>Затормозить и полностью остановиться</li><li>Затормозить и плавно направить автомобиль на проезжую часть</li><li>Не прибегая к торможению, плавно направить автомобиль на проезжую часть</li></ol>	"<b>Правильный ответ: 3. Не прибегая к торможению, плавно направить автомобиль на проезжую часть</b><hr>
<b>Правильный ответ: 3</b>
<br/>
            Такая ситуация опасна вследствие возникновения момента сил, стремящегося развернуть автомобиль. Старайтесь плавно вернуть автомобиль на проезжую часть не меняя скорости.        "
Исключает ли антиблокировочная тормозная система возможность возникновения заноса или сноса при прохождении поворота?<br><br><ol><li>Полностью исключает возможность возникновения только заноса</li><li>Полностью исключает возможность возникновения только сноса</li><li>Не исключает возможность возникновения сноса или заноса</li></ol>	"<b>Правильный ответ: 3. Не исключает возможность возникновения сноса или заноса</b><hr>
<b>Правильный ответ: 3</b>
<br/>
            Антиблокировочные системы (АБС) автомобилей представляют собой системы, оснащённые устройствами управления тормозами с обратной связью, которые предотвращают блокировку колёс во время торможения, тем самым сохраняя управляемость и курсовую устойчивость. Эта система имеет «большой плюс», но имеет и «минус». При ускоренном (не экстренном) нажатии на педаль тормоза на разнородном, даже твёрдом дорожном покрытии она может сработать. В момент ее срабатывания (от 1 до 2 сек.) водитель не может повлиять на процесс торможения. Чтобы появился навык управления автомобилем при срабатывании АБС, произведите несколько «контрольных» торможений на абсолютно свободном участке дороги или территории.
При прохождении поворота на автомобиль действует центробежная сила. Антиблокировочная система в таких ситуациях не может повлиять на возможность возникновения сноса или заноса.        "
На повороте возник занос задней оси переднеприводного автомобиля. Ваши действия?<br><br><ol><li>Уменьшите подачу топлива, рулевым колесом стабилизируете движение</li><li>Притормозите и повернете рулевое колесо в сторону заноса</li><li>Слегка увеличите подачу топлива, корректируя направление движения рулевым колесом</li><li>Значительно увеличите подачу топлива, не меняя положения рулевого колеса</li></ol>	"<b>Правильный ответ: 3. Слегка увеличите подачу топлива, корректируя направление движения рулевым колесом</b><hr>
<b>Правильный ответ: 3</b>
<br/>
            Переднеприводные автомобили значительно отличаются своим поведением от заднеприводных. Это обстоятельство следует учитывать во время управления. Учитывайте обстоятельство, что при движении по прямой переднеприводной автомобиль не склонен к заносу на значительно более высоких скоростях по сравнению с заднеприводным. Он хорошо держит дорогу. Но на поворотах, особенно мокрых, обледенелых, если не использовать «технику прохождения поворотов», его может не только занести, а снести, при этом происходит одновременная потеря сцепления колёс обеих осей с дорогой. Это явление, как правило, заканчивается ДТП. Случай заноса задней оси - это «полбеды». В такой ситуации плавно увеличивайте подачу топлива. Сцепление задних колес возрастёт. Рулевым колесом корректируйте направление движения.
(«Техника управления автомобилем»)        "
Что следует предпринять водителю для предотвращения опасных последствий заноса автомобиля при резком повороте рулевого колеса на скользкой дороге?<br><br><ol><li>Быстро, но плавно повернуть рулевое колесо в сторону заноса, затем опережающим воздействием на рулевое колесо выровнять траекторию движения</li><li>Выключить сцепление и повернуть рулевое колесо в сторону заноса</li><li>Нажать на педаль тормоза и воздействием на рулевое колесо выровнять траекторию движения</li></ol>	"<b>Правильный ответ: 1. Быстро, но плавно повернуть рулевое колесо в сторону заноса, затем опережающим воздействием на рулевое колесо выровнять траекторию движения</b><hr>
<b>Правильный ответ: 1</b>
<br/>
            Чтобы не пришлось бороться с заносами на скользкой дороге, не следует резко тормозить, изменять направление движения, манипулировать педалью газа. Следует выбирать скорость, обеспечивающую надёжное сцепление колёс с дорогой. Это элементарное соблюдение мер предосторожности. В рассматриваемой ситуации «без паники» выполните действия только рулевым колесом.        "
Как следует поступить водителю при высадке из автомобиля, стоящего у тротуара или на обочине?<br><br><ol><li>Обойти автомобиль спереди</li><li>Обойти автомобиль сзади</li><li>Допустимы оба варианта действий</li></ol>	"<b>Правильный ответ: 2. Обойти автомобиль сзади</b><hr>
<b>Правильный ответ: 2</b>
<br/>
            Правила не регламентируют действия водителя при высадке его из автомобиля. Но учитывая условия обеспечения безопасности дорожного движения в подобных ситуациях в большинстве случаев следует обойти автомобиль сзади, чтобы иметь возможность видеть ТС, движущиеся в попутном направлении. 
Главное условие безопасности при выходе из автомобиля в подобных ситуациях - действия водителя и других лиц не должны быть неожиданностью для других водителей.        "
"В случае остановки на подъеме (спуске) при наличии обочины можно предотвратить самопроизвольное скатывание автобуса на проезжую часть, повернув его передние колеса в положение:<br><img src=""https://s.drom.ru/i24228/pdd/tickets/2016/1543885527.jpg""><br><ol><li>А и Г</li><li>Б и В</li><li>А и В</li><li>Б и Г</li></ol>"	"<b>Правильный ответ: 1. А и Г</b><hr>
<b>Правильный ответ: 1</b>
<br/>
            Колёса, вывернутые в сторону кювета («А» и «Г»), в случае непреднамеренного скатывания автомобиля уведут неуправляемый автомобиль в кювет, что позволит избежать встречного столкновения движущихся транспортных средств. И наоборот.        "
Двигаться по глубокому снегу на грунтовой дороге следует:<br><br><ol><li>Изменяя скорость движения и передачу в зависимости от состояния дороги</li><li>На заранее выбранной пониженной передаче, без резких поворотов и остановок</li><li>На заранее выбранной повышенной передаче, без резких поворотов и остановок</li></ol>	"<b>Правильный ответ: 2. На заранее выбранной пониженной передаче, без резких поворотов и остановок</b><hr>
<b>Правильный ответ: 2</b>
<br/>
            Если и дорога, и снежный покров ровные, а участок дороги продолжительный, то следует двигаться на пониженной передаче.        "
Более устойчив против опрокидывания на повороте грузовой автомобиль:<br><br><ol><li>Без груза</li><li>С неполной загрузкой</li><li>С максимально допустимой загрузкой</li></ol>	"<b>Правильный ответ: 1. Без груза</b><hr>
<b>Правильный ответ: 1</b>
<br/>
            Чем ниже и симметричнее расположен центр тяжести автомобиля, тем более он устойчив. Порожний автомобиль без груза всегда более устойчив против опрокидывания, чем при его наличии.        "
"Способ разворота с использованием прилегающей территории слева, обеспечивающий безопасность движения, показан:<br><img src=""https://s.drom.ru/i24228/pdd/tickets/2016/1543885478.jpg""><br><ol><li>Только на левом рисунке</li><li>Только на правом рисунке</li><li>На обоих рисунках</li></ol>"	"<b>Правильный ответ: 2. Только на правом рисунке</b><hr>
<b>Правильный ответ: 2</b>
<br/>
            Наиболее рациональный и безопасный способ разворота в показанных ситуациях - на правом рисунке. Он позволяет лучше просматривать проезжую часть и требует меньше времени для разворота.        "
"В случае остановки на подъеме (спуске) при наличии тротуара можно предотвратить самопроизвольное скатывание автобуса, повернув его передние колеса в положение:<br><img src=""https://s.drom.ru/i24228/pdd/tickets/2016/1543885446.jpg""><br><ol><li>А и Г</li><li>Б и В</li><li>А и В</li><li>Б и Г</li></ol>"	"<b>Правильный ответ: 3. А и В</b><hr>
<b>Правильный ответ: 3</b>
<br/>
            Для исключения непреднамеренного скатывания автобуса выверните колёса так, чтобы возник упор в бордюрный камень тротуара. Это препятствует дальнейшему передвижению автобуса («А» и «В»). И, наоборот, при отсутствии упора может произойти самопроизвольное скатывание автобуса на проезжую часть («Б» и «Г»). Эта мера является дополнительной к обязательным мерам, т.е. использованию стояночного тормоза и включению желательно более низкой передачи или заднего хода.
(Пункт <a href=""https://www.drom.ru/pdd/pdd/punkt_12_8/#p12_8"" target=""_blank"">12.8</a> ПДД. «Комментарий ПДД РФ», издательство «За рулём»)        "
"Способ разворота с использованием прилегающей территории справа, обеспечивающий безопасность движения, показан:<br><img src=""https://s.drom.ru/i24228/pdd/tickets/2016/1543885429.jpg""><br><ol><li>Только на левом рисунке</li><li>Только на правом рисунке</li><li>На обоих рисунках</li></ol>"	"<b>Правильный ответ: 1. Только на левом рисунке</b><hr>
<b>Правильный ответ: 1</b>
<br/>
            На левом рисунке при выезде с прилегающей территории Вы просматриваете пересечение проезжих частей в обычном порядке. На правом же рисунке Вы через пересечение проезжих частей должны двигаться задним ходом, что требует большего времени, ограничивает обзорность.        "
Двигаясь в прямом направлении, Вы внезапно попали на небольшой участок скользкой дороги. Что следует предпринять?<br><br><ol><li>Плавно затормозить</li><li>Повернуть, руль, чтобы съехать с этого участка дороги</li><li>Не менять траектории и скорости движения</li></ol>	"<b>Правильный ответ: 3. Не менять траектории и скорости движения</b><hr>
<b>Правильный ответ: 3</b>
<br/>
            Если это действительно небольшой участок дороги, то необходимо не менять траекторию и скорость, чтобы избежать возникновения заноса.        "
Как влияет длительный разгон транспортного средства с включенной первой передачей на расход топлива?<br><br><ol><li>Расход топлива увеличивается</li><li>Расход топлива не изменяется</li><li>Расход топлива уменьшается</li></ol>	"<b>Правильный ответ: 1. Расход топлива увеличивается</b><hr>
<b>Правильный ответ: 1</b>
<br/>
            Движение без необходимости на пониженных передачах увеличивает расход топлива.        "
Как следует выбирать передачу при торможении двигателем с учетом крутизны спуска?<br><br><ol><li>Чем круче спуск, тем выше передача</li><li>Чем круче спуск, тем ниже передача</li><li>Выбор передачи не зависит от крутизны спуска</li></ol>	"<b>Правильный ответ: 2. Чем круче спуск, тем ниже передача</b><hr>
<b>Правильный ответ: 2</b>
<br/>
            Такую зависимость эффективности торможения водитель может использовать на крутых спусках, на автомобиле, имеющем механическую коробку перемены передач или перейти в ручной режим для выбора передачи на автоматизированных КПП.
        "
"При повороте направо обеспечение безопасности движения достигается путем выполнения поворота по траектории, которая показана:<br><img src=""https://s.drom.ru/i24228/pdd/tickets/2016/1543885361.jpg""><br><ol><li>На левом рисунке</li><li>На правом рисунке</li><li>На обоих рисунках</li></ol>"	"<b>Правильный ответ: 1. На левом рисунке</b><hr>
<b>Правильный ответ: 1</b>
<br/>
            Центробежная сила тянет автомобиль влево. Для компенсации этих сил у водителя на левом рисунке ещё есть запас по ширине проезжей части для сохранения направления движения без выезда на полосу встречного движения. У водителя на правом рисунке никакого запаса нет, а учесть все факторы, которые влияют на сцепление колёс с дорогой на крутом повороте, не всегда удаётся и опытному водителю.
(«Техника управления автомобилем»)        "
Как изменяется длина тормозного пути грузового автомобиля при буксировке автомобиля с неисправной тормозной системой?<br><br><ol><li>Уменьшается, так как буксируемый автомобиль оказывает дополнительное сопротивление движению</li><li>Не изменяется</li><li>Увеличивается</li></ol>	"<b>Правильный ответ: 3. Увеличивается</b><hr>
<b>Правильный ответ: 3</b>
<br/>
            Буксировка транспортных средств с неисправной (недействующей) тормозной системой допускается только на жесткой сцепке или методом частичной погрузки.
Любая такая «сцепка» изменит характеристики состава транспортных средств. Масса увеличится, соответственно увеличится и тормозной путь буксирующего грузового автомобиля.        "
Как водитель должен воздействовать на педаль управления подачей топлива при возникновении заноса, вызванного резким ускорением движения?<br><br><ol><li>Усилить нажатие на педаль</li><li>Не менять силу нажатия на педаль</li><li>Ослабить нажатие на педаль</li></ol>	"<b>Правильный ответ: 3. Ослабить нажатие на педаль</b><hr>
<b>Правильный ответ: 3</b>
<br/>
            Не делая никаких резких движений рулём, следует уменьшить нажатие на педаль газа и сцепление колёс с дорогой восстановится.        "
Для прекращения заноса, вызванного торможением, водитель в первую очередь должен:<br><br><ol><li>Прекратить начатое торможение</li><li>Выключить сцепление</li><li>Продолжить торможение, не изменяя усилия на педаль тормоза</li></ol>	"<b>Правильный ответ: 1. Прекратить начатое торможение</b><hr>
<b>Правильный ответ: 1</b>
<br/>
            Причиной заноса при торможении является или неодновременное срабатывание тормозных механизмов, или блокировка колёс. Следует немедленно разблокировать колёса, т.е. педаль тормоза отпустить, попытаться выровнять автомобиль.
(«Техника управления автомобилем»)        "
Как правильно произвести экстренное торможение, если автомобиль оборудован антиблокировочной тормозной системой?<br><br><ol><li>Путем прерывистого нажатия на педаль тормоза</li><li>Путем нажатия на педаль тормоза до упора и удерживания ее до полной остановки</li><li>Путем использования стояночной тормозной системы</li></ol>	"<b>Правильный ответ: 2. Путем нажатия на педаль тормоза до упора и удерживания ее до полной остановки</b><hr>
<b>Правильный ответ: 2</b>
<br/>
            Антиблокировочная система (ABS) - является частью современной тормозной системы автомобиля. ABS - предотвращает блокировку колёс во время торможения, тем самым сохраняя управляемость и курсовую устойчивость автомобиля, что очень важно для исключения «юза» и «заноса» и в момент экстренного торможения.
Неадекватное дорожной обстановке применение «экстренного» торможения тоже может быть причиной ДТП. Поэтому контролируйте ситуацию в этот момент не только спереди по ходу Вашего движения, но и за Вами.
(«Техника управления автомобилем»)        "
"В месте выезда из лесистого участка, где установлен знак «Боковой ветер», Вам следует:<br><img src=""https://s.drom.ru/i24228/pdd/tickets/2016/1543885279.jpg""><br><ol><li>Уменьшить скорость и быть готовым к возможному отклонению автомобиля от заданного курса</li><li>Не изменяя скорости, сместиться ближе к центру дороги</li><li>Не изменяя скорости, сместиться ближе к обочине</li></ol>"	"<b>Правильный ответ: 1. Уменьшить скорость и быть готовым к возможному отклонению автомобиля от заданного курса</b><hr>
<b>Правильный ответ: 1</b>
<br/>
            Вам следует уменьшить скорость и быть готовым к возможному отклонению автомобиля от сил бокового ветра.        "
При каком стиле вождения будет обеспечен наименьший расход топлива?<br><br><ol><li>При резком ускорении и плавном замедлении</li><li>При плавном ускорении и резком замедлении</li><li>При плавном ускорении и плавном замедлении</li></ol>	"<b>Правильный ответ: 3. При плавном ускорении и плавном замедлении</b><hr>
<b>Правильный ответ: 3</b>
<br/>
            Плавное ускорение при разгоне и плавное замедление при торможении.        "
Чем опасно длительное торможение с выключенными передачей или сцеплением на крутом спуске?<br><br><ol><li>Значительно увеличивается износ протектора шин</li><li>Повышается износ деталей тормозных механизмов</li><li>Перегреваются тормозные механизмы и уменьшается эффективность торможения</li></ol>	"<b>Правильный ответ: 3. Перегреваются тормозные механизмы и уменьшается эффективность торможения</b><hr>
<b>Правильный ответ: 3</b>
<br/>
            В случаях перегрева тормозных механизмов может произойти закипание тормозной жидкости, что приведёт к полному отказу тормозов.
        "
Что следует сделать водителю, чтобы предотвратить возникновение заноса при проезде крутого поворота?<br><br><ol><li>Перед поворотом снизить скорость и выжать педаль сцепления, чтобы дать возможность автомобилю двигаться накатом на повороте</li><li>Перед поворотом снизить скорость, при необходимости включить пониженную передачу, а при проезде поворота не увеличивать резко скорость и не тормозить</li><li>Допускаются любые из перечисленных действий</li></ol>	"<b>Правильный ответ: 2. Перед поворотом снизить скорость, при необходимости включить пониженную передачу, а при проезде поворота не увеличивать резко скорость и не тормозить</b><hr>
<b>Правильный ответ: 2</b>
<br/>
            Чтобы предотвратить возникновение заноса при проезде крутого поворота, который возникает с помощью центробежной силы, необходимо до вхождения в поворот занять правильное расположение ТС на проезжей части так, чтобы траектория движения в повороте проходила по большему радиусу кривизны, снизить скорость (приблизительно на 1/3), при необходимости включить пониженную передачу, а при проезде поворота не увеличивать резко скорость и не тормозить.
(Автошкола РФ, Техника управления автомобилем)        "
Как зависит величина тормозного пути транспортного средства от скорости движения?<br><br><ol><li>Не зависит</li><li>Увеличивается пропорционально скорости</li><li>Увеличивается пропорционально квадрату скорости</li></ol>	"<b>Правильный ответ: 3. Увеличивается пропорционально квадрату скорости</b><hr>
<b>Правильный ответ: 3</b>
<br/>
            Величина тормозного пути находится в зависимости от квадрата скорости.
Так, при увеличении скорости в два раза, величина тормозного пути возрастет в четыре раза, а при увеличении скорости в три раза - тормозной путь возрастет в девять раз.
(«Техника управления автомобилем»)        "
Уменьшение тормозного пути транспортного средства, не оборудованного антиблокировочной тормозной системой, достигается:<br><br><ol><li>Путем нажатия на педаль тормоза до упора</li><li>Путем прерывистого нажатия на педаль тормоза</li><li>Путем нажатия на педаль тормоза с одновременным использованием стояночной тормозной системы</li></ol>	"<b>Правильный ответ: 2. Путем прерывистого нажатия на педаль тормоза</b><hr>
<b>Правильный ответ: 2</b>
<br/>
            Блокировка колёс при торможении на мокром, скользком покрытии вызывает «юз» - неуправляемость автомобиля. Поэтому для уменьшения тормозного пути и обеспечения безопасности движения используйте пульсационное, прерывистое нажатие на педаль тормоза с попеременным её освобождением.        "
Устранение заноса задней оси путем увеличения скорости возможно:<br><br><ol><li>Только на переднеприводном автомобиле</li><li>Только на заднеприводном автомобиле</li><li>На любом автомобиле из перечисленных</li></ol>	"<b>Правильный ответ: 1. Только на переднеприводном автомобиле</b><hr>
<b>Правильный ответ: 1</b>
<br/>
            Переднеприводный автомобиль отличается не только компоновкой, но и поведением на дороге. При движении по прямой он не испытывает ни малейших тенденций к заносу. Занос происходит на поворотах, за счет центробежных сил. Если водитель заднеприводного автомобиля в этой ситуации снижает скорость и поворачивает руль в сторону заноса, то водителю переднеприводного автомобиля делать этого ни в коем случае нельзя. В случае уменьшения подачи топлива происходит торможение двигателем, далее за счёт сил инерции «клевок» вперёд, который разгружает задние колеса, а им, наоборот, чтобы восстановить сцепление с дорогой, как раз нужна дополнительная нагрузка, которая возникает при увеличении скорости.        "
Что следует предпринять, если на повороте возник занос задней оси заднеприводного автомобиля?<br><br><ol><li>Увеличить подачу топлива, рулевым колесом стабилизировать движение</li><li>Притормозить и повернуть рулевое колесо в сторону заноса</li><li>Значительно уменьшить подачу топлива, не меняя положения рулевого колеса</li><li>Слегка уменьшить подачу топлива и повернуть рулевое колесо в сторону заноса</li></ol>	"<b>Правильный ответ: 4. Слегка уменьшить подачу топлива и повернуть рулевое колесо в сторону заноса</b><hr>
<b>Правильный ответ: 4</b>
<br/>
            В такой ситуации не теряйтесь. Не сбрасывайте резко подачу топлива. Уменьшайте обороты двигателя как можно плавнее; для выравнивания заноса поверните рулевое колесо в сторону заноса.        "
Что следует предпринять для быстрого восстановления эффективности тормозов транспортного средства после проезда через водную преграду?<br><br><ol><li>Резко нажать на педаль тормоза, после чего продолжить движение</li><li>Продолжить движение и просушить тормозные колодки многократными непродолжительными нажатиями на педаль тормоза</li><li>Продолжить движение с малой скоростью без притормаживания</li></ol>	"<b>Правильный ответ: 2. Продолжить движение и просушить тормозные колодки многократными непродолжительными нажатиями на педаль тормоза</b><hr>
<b>Правильный ответ: 2</b>
<br/>
            Проведению такой операции некоторые водители не придают значения, что приводит к наезду на препятствия и т.п., так как эффективность «сырых тормозов» резко снижается, особенно, если тормозные механизмы барабанного типа. Выполните «просушку» тормозов непродолжительными нажатиями, предварительно переключившись на более низкую передачу.        "
Для предупреждения скатывания автомобиля с механической трансмиссией при кратковременной остановке на подъеме следует:<br><br><ol><li>Привести в действие стояночный тормоз</li><li>Включить первую передачу или передачу заднего хода</li><li>Перевести рычаг переключения передач в нейтральное положение</li></ol>	"<b>Правильный ответ: 1. Привести в действие стояночный тормоз</b><hr>
<b>Правильный ответ: 1</b>
<br/>
            При кратковременной остановке на подъеме, на автомобиле с механической трансмиссией следует привести в действие стояночный тормоз.        "
В случае потери сцепления колес с дорогой из за образования «водяного клина» водителю следует:<br><br><ol><li>Увеличить скорость</li><li>Снизить скорость резким нажатием на педаль тормоза</li><li>Снизить скорость, применяя торможение двигателем</li></ol>	"<b>Правильный ответ: 3. Снизить скорость, применяя торможение двигателем</b><hr>
<b>Правильный ответ: 3</b>
<br/>
            Водяное скольжение - или так называемое аквапланирование - возникает при езде на легковом автомобиле при проливном дожде или при проезде скопления воды на дороге в низинах: осенью, весной или в оттепель.
Зная об этом явлении, водитель не должен быть захвачен врасплох. Совет может быть только один - сразу же снизить скорость движения, применяя торможение двигателем.
«Техника управления автомобилем»        "
"При повороте налево обеспечение безопасности движения достигается путем выполнения поворота по траектории, которая показана:<br><img src=""https://s.drom.ru/i24228/pdd/tickets/2016/1543885104.jpg""><br><ol><li>На левом рисунке</li><li>На правом рисунке</li><li>На обоих рисунках</li></ol>"	"<b>Правильный ответ: 1. На левом рисунке</b><hr>
<b>Правильный ответ: 1</b>
<br/>
            Если параметры (масса и скорость) движущихся автомобилей на обоих рисунках одинаковы, то центробежная сила, стремящаяся занести автомобиль, теоретически меньше на правом рисунке, т.к. траектория движения проходит по большему радиусу кривизны. Но у водителя при этом отсутствует запас (выходит из поворота у самого края проезжей части), а все факторы, влияющие на автомобиль, не всегда удаётся учесть. Предпочтительнее траектория движения, изображённая на левом рисунке, т.к. она более безопасна. В данной ситуации водитель до вхождения в поворот занял правильное расположение ТС на проезжей части, расположив его у внешней его границы. Во время движения по криволинейной траектории у него в этом случае всегда существует запас по ширине проезжей части. Водителю очень важно приучить себя обязательно до вхождение в поворот снижать скорость не менее чем на одну треть, чтобы в последующем это происходило автоматически.
(«Техника управления автомобилем»)        "
Какие действия водителя приведут к уменьшению центробежной силы, возникающей на повороте?<br><br><ol><li>Увеличение скорости движения</li><li>Снижение скорости движения</li><li>Уменьшение радиуса прохождения поворота</li></ol>	"<b>Правильный ответ: 2. Снижение скорости движения</b><hr>
<b>Правильный ответ: 2</b>
<br/>
            Самой результативной величиной, влияющей на центробежную силу, является скорость. Она пропорциональна квадрату скорости. В то же время, скорость определяется водителем. Её уменьшение приводит к уменьшению центробежной силы. Вот почему до вхождения в поворот рекомендуется снижение скорости движения.
(«Техника управления автомобилем»)        "
"При движении по двухполосной дороге за грузовым автомобилем у Вас появилась возможность совершить обгон. Ваши действия?<br><img src=""https://s.drom.ru/i24228/pdd/tickets/2016/1543885072.jpg""><br><ol><li>Максимально приблизитесь к обгоняемому автомобилю, затем перестроитесь на полосу встречного движения и завершите маневр</li><li>Перестроитесь на полосу встречного движения, после чего произведете сближение с обгоняемым транспортным средством и завершите маневр</li><li>Допустимы оба варианта действий</li></ol>"	"<b>Правильный ответ: 2. Перестроитесь на полосу встречного движения, после чего произведете сближение с обгоняемым транспортным средством и завершите маневр</b><hr>
<b>Правильный ответ: 2</b>
<br/>
            Движущийся впереди большегрузный грузовой автомобиль - это «движущаяся стена», ограничивающая обзорность. Только на дистанции можно просматривать достаточное для обгона расстояние, своевременно информировать и быть замеченным обгоняемым. При необходимости своевременно прекратить обгон и вернуться на свою полосу.
(«Техника управления автомобилем»)        "
По какой траектории двигается прицеп грузового автомобиля при прохождении поворота?<br><br><ol><li>Дальше от центра поворота, чем траектория движения автомобиля</li><li>По траектории движения автомобиля</li><li>Ближе к центру поворота, чем траектория движения автомобиля</li></ol>	"<b>Правильный ответ: 3. Ближе к центру поворота, чем траектория движения автомобиля</b><hr>
<b>Правильный ответ: 3</b>
<br/>
            На поворотах существует разница в радиусах траектории движения передних и задних колёс. У задних колёс этот радиус всегда меньше, они всегда ближе к центру поворота. Это проявляется и у автомобилей без прицепа, ещё сильнее с прицепом. Это следует учитывать. Иногда можно наблюдать, как водитель большегрузного автомобиля, автобуса при повороте вынужденно, чтобы задние колёса не наехали на бордюр, тротуар, отклоняется от края проезжей части, а водители легкового автомобиля, увидев большее пространство решают воспользоваться этим и проскочить, но попадают в «капкан». Их жаль, но виноваты в этом только они сами.
        "
Как правильно произвести экстренное торможение на скользкой дороге, если автомобиль не оборудован антиблокировочной тормозной системой?<br><br><ol><li>Нажать на педаль тормоза до упора и удерживать ее до полной остановки</li><li>Нажать на педаль тормоза с одновременным использованием стояночного тормоза</li><li>Тормозить прерывистым нажатием на педаль тормоза, не допуская блокировки колес</li></ol>	"<b>Правильный ответ: 3. Тормозить прерывистым нажатием на педаль тормоза, не допуская блокировки колес</b><hr>
<b>Правильный ответ: 3</b>
<br/>
            Экстренное, не служебное, торможение на скользком покрытии следует производить комбинированно, т. е. «торможением двигателем» (без выключения сцепления до значительного падения скорости) и прерывистым нажатием на педаль тормоза, не допуская полной блокировки колес, следствием которой будет «юз» и увеличение тормозного пути. Главной ошибкой в таком случае является длительное удерживание педали, т. е. неумение тормозить пульсационно (прерывисто).        "
С увеличением скорости движения на повороте величина центробежной силы:<br><br><ol><li>Не изменяется</li><li>Увеличивается пропорционально скорости</li><li>Увеличивается пропорционально квадрату скорости</li></ol>	"<b>Правильный ответ: 3. Увеличивается пропорционально квадрату скорости</b><hr>
<b>Правильный ответ: 3</b>
<br/>
            Центробежная сила зависит от массы автомобиля, радиуса поворота и пропорциональна квадрату скорости. Повлиять на массу движущегося автомобиля водитель не может. Несколько увеличить радиус поворота может, а вот скорость, которая является самой результативной величиной, для этой силы полностью зависит от водителя. Поэтому до вхождения в поворот и рекомендуется снижение скорости.
 («Техника управления автомобилем»)        "
При движении ночью во время сильной метели наилучшую видимость дороги обеспечивает включение:<br><br><ol><li>Только противотуманных фар</li><li>Противотуманных фар совместно с ближним светом фар</li><li>Противотуманных фар совместно с дальним светом фар</li></ol>	"<b>Правильный ответ: 2. Противотуманных фар совместно с ближним светом фар</b><hr>
<b>Правильный ответ: 2</b>
<br/>
            Метель, туман создают очень опасные условия для езды. Двигаясь в таких условиях используйте ближний свет фар. Если есть противотуманные фары, используйте совместно. Дальний свет в метель не применяется по причине того, что он высветляет снег, который образует «слепящую световую стену», которая уменьшает видимость дороги.        "
При постановке грузового автомобиля с разрешенной максимальной массой более 3,5 т на стоянку для исключения его самопроизвольного движения на подъеме или спуске следует:<br><br><ol><li>Использовать стояночный тормоз</li><li>Установить противооткатные упоры</li><li>Осуществить оба перечисленных действия</li></ol>	"<b>Правильный ответ: 3. Осуществить оба перечисленных действия</b><hr>
<b>Правильный ответ: 3</b>
<br/>
            При постановке грузового автомобиля с разрешенной максимальной массой более 3,5 т на стоянку для исключения его самопроизвольного движения на подъеме или спуске следует использовать стояночный тормоз и дополнительно к этому установить противооткатные упоры, которых должно быть не менее двух.
(«Перечень неисправностей» пункт 7.7)        "
Как следует поступить водителю при посадке в автомобиль, стоящий у тротуара или на обочине?<br><br><ol><li>Обойти автомобиль спереди</li><li>Обойти автомобиль сзади</li><li>Допустимы оба варианта действий</li></ol>	"<b>Правильный ответ: 1. Обойти автомобиль спереди</b><hr>
<b>Правильный ответ: 1</b>
<br/>
            Правилами данная ситуация не регламентируется. В такой ситуации следует выполнять действия, которые в большей степени обеспечивают безопасность дорожного движения.
При посадке в автомобиль стоящий у тротуара или на обочине, водителю следует обходить его спереди, чтобы постоянно контролировать ситуацию и видеть ТС движущиеся в попутном направлении. Правильный ответ - обойти автомобиль спереди.        "
Что понимается под временем реакции водителя?<br><br><ol><li>Время с момента обнаружения водителем опасности до полной остановки транспортного средства</li><li>Время с момента обнаружения водителем опасности до начала принятия мер по ее избежанию</li><li>Время, необходимое для переноса ноги с педали управления подачей топлива на педаль тормоза</li></ol>	"<b>Правильный ответ: 2. Время с момента обнаружения водителем опасности до начала принятия мер по ее избежанию</b><hr>
<b>Правильный ответ: 2</b>
<br/>
            Под временем реакции водителя понимается время с момента обнаружения водителем опасности до начала принятия мер по её избежанию.
Время реакции водителя - величина непостоянная. В основном зависит от возраста, самочувствия в данный момент. Компенсировать недостаток реакции можно снижением скорости.
(«Техника управления автомобилем»)        "
"При движении в условиях тумана расстояние до предметов представляется:<br><img src=""https://s.drom.ru/i24228/pdd/tickets/2016/1543885544.jpg""><br><ol><li>Большим, чем в действительности</li><li>Соответствующим действительности</li><li>Меньшим, чем в действительности</li></ol>"	"<b>Правильный ответ: 1. Большим, чем в действительности</b><hr>
<b>Правильный ответ: 1</b>
<br/>
            При движении в условиях тумана расстояние до предметов представляется большим, чем в действительности. Объясняется это психологическим фактором. Человек всё сравнивает с привычными, обычными условиями, в которых он проводит большую часть времени, т.е. с дневными условиями.        "
Вероятность возникновения аварийной ситуации при движении в плотном транспортном потоке будет меньше, если скорость Вашего транспортного средства:<br><br><ol><li>Значительно меньше средней скорости потока</li><li>Близка к средней скорости потока</li><li>Значительно больше средней скорости потока</li></ol>	"<b>Правильный ответ: 2. Близка к средней скорости потока</b><hr>
<b>Правильный ответ: 2</b>
<br/>
            Движение Вашего автомобиля не должно отличаться от движения потока. Количество перестроений должно быть сведено к минимуму. Водитель, не выполняющий эти условия, создаёт излишние опасные ситуации.
        "
Какое расстояние проедет транспортное средство за время, равное среднему времени реакции водителя, при скорости движения около 90 км/час?<br><br><ol><li>Примерно 15 м</li><li>Примерно 25 м</li><li>Примерно 35 м</li></ol>	"<b>Правильный ответ: 2. Примерно 25 м</b><hr>
<b>Правильный ответ: 2</b>
<br/>
            Спидометр автомобиля не показывает абсолютно точное значение скорости. Если скорость по спидометру около 90 км/час, что равнозначно 90 000 метров/час или 90 000 метров : 3 600 секунд = примерно 25 метров за 1 секунду.        "
Является ли безопасным движение на грузовом автомобиле в темное время суток с включенным ближним светом фар по неосвещенному участку автомагистрали со скоростью 90 км/ч?<br><br><ol><li>Является безопасным, поскольку предельная допустимая скорость соответствует требованиям Правил</li><li>Является безопасным при малой интенсивности движения</li><li>Не является безопасным, поскольку остановочный путь превышает расстояние видимости</li></ol>	"<b>Правильный ответ: 3. Не является безопасным, поскольку остановочный путь превышает расстояние видимости</b><hr>
<b>Правильный ответ: 3</b>
<br/>
            Расстояние видимости водителем при движении ТС всегда должно превышать остановочный путь. Конструктивно данное условие с включенным ближним светом обеспечивается в темное время суток при движении ТС со скоростью до 60 км/ч. Поэтому, движение на грузовом автомобиле при указанных условиях движения со скоростью 90 км/ч не является безопасным, поскольку остановочный путь будет превышать расстояние видимости.
В своих действиях за рулем исключите неоправданный риск, который часто заканчивается ДТП.
(«Техника управления автомобилем»)        "
В темное время суток и в пасмурную погоду скорость встречного автомобиля воспринимается:<br><br><ol><li>Ниже, чем в действительности</li><li>Восприятие скорости не меняется</li><li>Выше, чем в действительности</li></ol>	"<b>Правильный ответ: 1. Ниже, чем в действительности</b><hr>
<b>Правильный ответ: 1</b>
<br/>
            В темное время суток и в пасмурную погоду скорость встречного автомобиля воспринимается ниже, чем в действительности.        "
В каких случаях следует увеличить боковой интервал?<br><br><ol><li>При встречном разъезде на большой скорости</li><li>При разъезде с длинномерным транспортным средством</li><li>В обоих перечисленных случаях</li></ol>	"<b>Правильный ответ: 3. В обоих перечисленных случаях</b><hr>
<b>Правильный ответ: 3</b>
<br/>
            В обоих перечисленных случаях следует увеличивать боковой интервал, т. к. «динамический коридор» (отступление от прямолинейного движения) в данных ситуациях увеличивается.        "
При движении по какому участку дороги действие сильного бокового ветра наиболее опасно?<br><br><ol><li>По закрытому деревьями</li><li>При выезде с закрытого участка на открытый</li><li>По открытому</li></ol>	"<b>Правильный ответ: 2. При выезде с закрытого участка на открытый</b><hr>
<b>Правильный ответ: 2</b>
<br/>
            Действие сильного бокового ветра на Т.С. наиболее опасно в ситуации - при выезде с закрытого участка на открытый.
В этом случае необходимо быть готовым, чтобы скорректировать боковое усилие ветра.        "
Если во время движения по сухой дороге с асфальтобетонным покрытием начал моросить дождь, водителю следует:<br><br><ol><li>Уменьшить скорость и быть особенно осторожным</li><li>Не изменяя скорости продолжить движение</li><li>Увеличить скорость и попытаться проехать как можно большее расстояние, пока не начался сильный дождь</li></ol>	"<b>Правильный ответ: 1. Уменьшить скорость и быть особенно осторожным</b><hr>
<b>Правильный ответ: 1</b>
<br/>
            Капли дождя с пылью, частичками грязи образуют «плёнку», которая резко понижает коэффициент сцепления колёс с дорогой, что может стать причиной заноса автомобиля. В это время необходимо уменьшить скорость, быть внимательным и осмотрительным.        "
Как изменяется поле зрения водителя с увеличением скорости движения?<br><br><ol><li>Расширяется</li><li>Не изменяется</li><li>Сужается</li></ol>	"<b>Правильный ответ: 3. Сужается</b><hr>
<b>Правильный ответ: 3</b>
<br/>
            С увеличением скорости поле зрения водителя сужается, так как водитель вынужден смотреть намного дальше вперед, чтобы успеть оценить ситуацию в стремительно меняющейся дорожной обстановке        "
Минимальной величиной необходимой дистанции при движении по сухой дороге на грузовом автомобиле или автобусе принято считать расстояние, которое транспортное средство проедет не менее чем за:<br><br><ol><li>1 секунду</li><li>2 секунды</li><li>3 секунды</li></ol>	"<b>Правильный ответ: 3. 3 секунды</b><hr>
<b>Правильный ответ: 3</b>
<br/>
            Дистанция между движущимися ТС зависит от их тормозного пути. Тормозной путь грузового автомобиля или автобуса при равных условиях значительно больше легкового автомобиля. Причиной этого является большая масса и большее время срабатывания тормозных механизмов.
Поэтому необходимой безопасной дистанцией принято считать расстояние, которое автомобили данных классов проедут, в отличии от легковых автомобилей, за 3 секунды.        "
"На каком рисунке показано правильное положение рук на рулевом колесе?<br><img src=""https://s.drom.ru/i24227/pdd/tickets/2016/1542608873.jpg""><br><ol><li>На левом</li><li>На среднем</li><li>На правом</li></ol>"	"<b>Правильный ответ: 3. На правом</b><hr>
<b>Правильный ответ: 3</b>
<br/>
            Наиболее рациональным является положение рук на руле при сравнении с циферблатом часов «без десяти два».
Правильный ответ - на правом рисунке.
(«Техника управления автомобилем»)        "
В каком случае водителю необходимо оценивать обстановку сзади?<br><br><ol><li>Перед началом или возобновлением движения</li><li>Перед торможением</li><li>Перед осуществлением маневра (перестроения или изменения направления движения)</li><li>Во всех перечисленных случаях</li></ol>	"<b>Правильный ответ: 4. Во всех перечисленных случаях</b><hr>
<b>Правильный ответ: 4</b>
<br/>
            Перед любым выполнением маневра следует оценивать обстановку сзади. В перечисленных случаях тоже. Как правило, это делается через зеркала заднего вида. Учитывайте, что они имеют «мертвые» (непросматриваемые) зоны. Поэтому желательно избегать резких маневров.        "
Зависит ли выбор бокового интервала от скорости движения?<br><br><ol><li>Выбор бокового интервала от скорости движения не зависит</li><li>При увеличении скорости движения боковой интервал необходимо увеличить</li><li>При увеличении скорости движения боковой интервал можно уменьшить</li></ol>	"<b>Правильный ответ: 2. При увеличении скорости движения боковой интервал необходимо увеличить</b><hr>
<b>Правильный ответ: 2</b>
<br/>
            Любое ТС конструктивно имеет «динамический коридор», т.е. его поперечное отклонение от прямолинейного движения. Особенно большой «коридор движения» у длинномерных ТС, составов ТС.
С увеличением скорости движения необходимо увеличивать боковой интервал как с попутными так и встречными ТС.        "
Как влияет утомленное состояние водителя на его внимание и реакцию?<br><br><ol><li>Внимание ослабляется, время реакции уменьшается</li><li>Внимание ослабляется, время реакции увеличивается</li><li>Внимание и время реакции не изменяются</li></ol>	"<b>Правильный ответ: 2. Внимание ослабляется, время реакции увеличивается</b><hr>
<b>Правильный ответ: 2</b>
<br/>
            Утомление, усталость бесспорно отражаются на безопасности движения. Внимание ослабляется, время реакции увеличивается. Хороший водитель должен делать паузы в движении, которые время от времени будут прерывать однообразие управления. Нескольких минут часто бывает достаточно, чтобы восстановить уровень внимания, необходимый для безопасного движения.
(«Автошкола», А. И. Копусов-Долинин, издательство «ЭКСМО»)        "
Как влияет алкоголь на время реакции водителя?<br><br><ol><li>Время реакции уменьшается</li><li>Алкоголь на время реакции не влияет</li><li>Время реакции увеличивается</li></ol>	"<b>Правильный ответ: 3. Время реакции увеличивается</b><hr>
<b>Правильный ответ: 3</b>
<br/>
            Водителю за рулём требуется не только реакция, которая при употреблении алкоголя увеличивается. Самое главное - это постоянная оценка событий и прогнозирование их развития. Под воздействием алкоголя мозг даёт неправильные оценки, в этом и заключается главная опасность управления транспортным средством в состоянии алкогольного опьянения.
«Транспортная психология».        "
Принято считать, что среднее время реакции водителя составляет:<br><br><ol><li>Примерно 0,5 секунды</li><li>Примерно 1 секунду</li><li>Примерно 2 секунды</li></ol>	"<b>Правильный ответ: 2. Примерно 1 секунду</b><hr>
<b>Правильный ответ: 2</b>
<br/>
            Время реакции у каждого водителя различно и постоянной величиной не является.
Экспериментально выведено, что среднее время реакции водителей примерно равно 1 секунде. Что такое секунда - произнесите сочетание слов «двадцать два». Время секунды прошло. При увеличении индивидуального времени реакции ее следует компенсировать снижением средней скорости движения транспортного средства. Более подробно о реакции водителя, «потерянном времени», минимальной безопасной дистанции, выполнении обгона изложено в пособии «Автошкола РФ», издательства «ЭКСМО».        "
Как воспринимается водителем скорость своего автомобиля при длительном движении по равнинной дороге на большой скорости?<br><br><ol><li>Кажется меньше, чем в действительности</li><li>Восприятие скорости не меняется</li><li>Кажется больше, чем в действительности</li></ol>	"<b>Правильный ответ: 1. Кажется меньше, чем в действительности</b><hr>
<b>Правильный ответ: 1</b>
<br/>
            Водитель определяет скорость передвижения по скорости перемещения предметов, попадающих в поле его зрения. При длительном монотонном движении скорость кажется меньше чем в действительности. Для контроля скорости движения в таких ситуациях чаще чем обычно пользуйтесь показаниями спидометра.        "
Что понимается под остановочным путем?<br><br><ol><li>Расстояние, пройденное транспортным средством с момента обнаружения водителем опасности до полной остановки</li><li>Расстояние, пройденное транспортным средством с момента нажатия на педаль тормоза до полной остановки</li><li>Расстояние, пройденное транспортным средством с момента начала срабатывания тормозного привода до полной остановки</li></ol>	"<b>Правильный ответ: 1. Расстояние, пройденное транспортным средством с момента обнаружения водителем опасности до полной остановки</b><hr>
<b>Правильный ответ: 1</b>
<br/>
            Остановочный путь - расстояние, пройденное транспортным средством с момента обнаружения водителем опасности до полной его остановки. Остановочный путь включает в себя: путь за время реакции водителя плюс путь за время срабатывания тормозной системы, плюс замедление движения автомобиля до нулевой скорости.
(«Техника управления автомобилем»)        "
