"Разрешен ли Вам поворот на дорогу с грунтовым покрытием?<br><img src=""https://s.drom.ru/i24231/pdd/tickets/2016/1551664658.jpg""><br><ol><li>Разрешен</li><li>Разрешен только при технической неисправности транспортного средства</li><li>Запрещен</li></ol>"	"<b>Правильный ответ: 1. Разрешен</b><hr>
<b>Правильный ответ: 1</b>
<br/>
            Впереди по ходу Вашего движения предупреждающий знак <a href=""https://www.drom.ru/pdd/pdd/sign_1_11_2/"" target=""_blank"">1.11.2</a> «Опасный поворот» и знаки <a href=""https://www.drom.ru/pdd/pdd/sign_1_34_2/"" target=""_blank"">1.34.2</a> «Направление поворота», которые указывают направление движения на закруглении дороги малого радиуса с ограниченной видимостью. Ничего, что бы Вам запрещало поворот на дорогу с грунтовым покрытием, нет. По Вашему желанию поворачиваете направо.
(«Дорожные знаки»).        "
"Можно ли Вам въехать на мост первым?<br><img src=""https://s.drom.ru/i24231/pdd/tickets/2016/1551665145.jpg""><br><ol><li>Можно</li><li>Можно, если Вы не затрудните движение встречному автомобилю</li><li>Нельзя</li></ol>"	"<b>Правильный ответ: 1. Можно</b><hr>
<b>Правильный ответ: 1</b>
<br/>
            Знак <a href=""https://www.drom.ru/pdd/pdd/sign_2_7/"" target=""_blank"">2.7</a> «Преимущество перед встречным движением» предоставляет Вам право первым проехать через узкий участок дороги, т. е. через мост. 
(«Дорожные знаки», пункт <a href=""https://www.drom.ru/pdd/pdd/punkt_1_2/#p1_2"" target=""_blank"">1.2</a> термин «Уступить дорогу»)        "
"Где Вы должны остановиться?<br><img src=""https://s.drom.ru/i24228/pdd/tickets/2016/1543885594.jpg""><br><ol><li>Перед знаком (А)</li><li>Перед перекрестком (Б)</li><li>Перед краем пересекаемой проезжей части (В)</li></ol>"	"<b>Правильный ответ: 3. Перед краем пересекаемой проезжей части (В)</b><hr>
<b>Правильный ответ: 3</b>
<br/>
            В случае установки знака <a href=""https://www.drom.ru/pdd/pdd/sign_2_5/"" target=""_blank"">2.5</a> «Движение без остановки запрещено» непосредственно перед пересечением проезжих частей водитель обязан остановиться у стоп-линии. При её отсутствии (как в данном случае) водитель обязан остановиться перед границей проезжих частей, т.е. не заезжая за линию «В». Имейте в виду, что такие места опасны, часто находятся «под особым контролем» инспекторов ГИБДД. Поэтому всегда выполняйте главное условие - обязательную остановку. Это избавит Вас от конфликтной ситуации и сохранит Вашу собственную безопасность. 
(«Дорожные знаки»)        "
"Эти знаки предупреждают Вас:<br><img src=""https://s.drom.ru/i24228/pdd/tickets/2016/1543885577.jpg""><br><ol><li>О наличии через 500 м опасных поворотов</li><li>О том, что на расстоянии 150 – 300 м за дорожным знаком начнется участок дороги протяженностью 500 м с опасными поворотами</li><li>О том, что сразу за знаком начнется участок протяженностью 500 м с опасными поворотами</li></ol>"	"<b>Правильный ответ: 2. О том, что на расстоянии 150 – 300 м за дорожным знаком начнется участок дороги протяженностью 500 м с опасными поворотами</b><hr>
<b>Правильный ответ: 2</b>
<br/>
            Табличка <a href=""https://www.drom.ru/pdd/pdd/sign_8_2_2/"" target=""_blank"">8.2.1</a> «Зона действия» указывает протяженность ряда опасных поворотов, первый из которых - налево - начинается через 150 - 300 м.
(«Дорожные знаки» <a href=""https://www.drom.ru/pdd/pdd/sign_8_2_2/"" target=""_blank"">8.2.1</a>, <a href=""https://www.drom.ru/pdd/pdd/sign_1_12_2/"" target=""_blank"">1.12.2</a>)        "
"При наличии какого знака водитель должен уступить дорогу, если встречный разъезд затруднен?<br><img src=""https://s.drom.ru/i24227/pdd/tickets/2016/1542608305.jpg""><br><ol><li>Только В</li><li>А и В</li><li>Б и В</li><li>Б и Г</li></ol>"	"<b>Правильный ответ: 2. А и В</b><hr>
<b>Правильный ответ: 2</b>
<br/>
            На уклонах, обозначенных знаками: «А» - <a href=""https://www.drom.ru/pdd/pdd/sign_1_13/"" target=""_blank"">1.13</a> «Крутой спуск» и «Б» - <a href=""https://www.drom.ru/pdd/pdd/sign_1_14/"" target=""_blank"">1.14</a> «Крутой подъем» - при наличии препятствия уступить дорогу должен водитель транспортного средства, двигающегося на спуск.
На узких участках дороги, где встречный разъезд затруднён, устанавливают знаки: с одной стороны - «В» - <a href=""https://www.drom.ru/pdd/pdd/sign_2_6/"" target=""_blank"">2.6</a> «Преимущество встречного движения», с другой стороны движения - «Г» - <a href=""https://www.drom.ru/pdd/pdd/sign_2_7/"" target=""_blank"">2.7</a> «Преимущество перед встречным движением». В данном случае при затруднённом встречном разъезде запрещается въезд на узкий участок дороги со стороны знака <a href=""https://www.drom.ru/pdd/pdd/sign_2_6/"" target=""_blank"">2.6</a>.
Ответ - знаки «А» и «В». 
(«Дорожные знаки»)        "
"Вам разрешено продолжить движение:<br><img src=""https://s.drom.ru/i24228/pdd/tickets/2016/1543885543.jpg""><br><ol><li>Только прямо</li><li>Прямо или в обратном направлении</li><li>Во всех направлениях</li></ol>"	"<b>Правильный ответ: 2. Прямо или в обратном направлении</b><hr>
<b>Правильный ответ: 2</b>
<br/>
            Знак <a href=""https://www.drom.ru/pdd/pdd/sign_3_18_2/"" target=""_blank"">3.18.2</a> «Поворот налево запрещён» не запрещает производить разворот. Поэтому можете по своему усмотрению продолжить движение прямо или развернуться, и продолжить движение в обратном направлении.
(«Дорожные знаки»)        "
"О чем информируют Вас эти дорожные знаки?<br><img src=""https://s.drom.ru/i24228/pdd/tickets/2016/1543885525.jpg""><br><ol><li>О приближении к перекрестку, где установлен знак «Уступите дорогу»</li><li>О приближении к перекрестку, где установлен знак «Движение без остановки запрещено»</li><li>О приближении к таможне</li></ol>"	"<b>Правильный ответ: 2. О приближении к перекрестку, где установлен знак «Движение без остановки запрещено»</b><hr>
<b>Правильный ответ: 2</b>
<br/>
            Табличка <a href=""https://www.drom.ru/pdd/pdd/sign_8_1_2/"" target=""_blank"">8.1.2</a> «Расстояние до объекта» указывает расстояние от знака <a href=""https://www.drom.ru/pdd/pdd/sign_2_4/"" target=""_blank"">2.4</a> «Уступите дорогу» до перекрёстка в случае, если непосредственно перед перекрёстком установлен знак <a href=""https://www.drom.ru/pdd/pdd/sign_2_5/"" target=""_blank"">2.5</a> «Движение без остановки запрещено».
(«Дорожные знаки»)        "
"В чем особенность скоростного режима на этом участке дороги?<br><img src=""https://s.drom.ru/i24227/pdd/tickets/2016/1542608373.jpg""><br><ol><li>Рекомендуемая скорость движения – 40 км/ч</li><li>Минимальная допустимая скорость движения – 40 км/ч</li><li>Минимальная допустимая скорость движения по левой полосе – 40 км/ч</li></ol>"	"<b>Правильный ответ: 3. Минимальная допустимая скорость движения по левой полосе – 40 км/ч</b><hr>
<b>Правильный ответ: 3</b>
<br/>
            Табличка <a href=""https://www.drom.ru/pdd/pdd/sign_8_14/"" target=""_blank"">8.14</a> «Полоса движения» указывает, что действие знака <a href=""https://www.drom.ru/pdd/pdd/sign_4_6/"" target=""_blank"">4.6</a> «Ограничение минимальной скорости» распространяется только на ту полосу движения, над которой находится знак. Так как действие происходит в населённом пункте, на данном участке по правой полосе можно двигаться со скоростью, не превышающей 60 км/ч, на левой полосе скорость должна быть не менее 40 км/ч и не более 60 км/ч. Правильный ответ - минимальная допустимая скорость движения по левой полосе - 40 км/ч. 
(«Дорожные знаки»)        "
"Знаки предупреждают Вас о том, что:<br><img src=""https://s.drom.ru/i24228/pdd/tickets/2016/1543885494.jpg""><br><ol><li>На протяжении 150 м возможно появление пешеходов на проезжей части</li><li>Через 150 м находится пешеходный переход</li><li>Через 150 м находится пешеходная дорожка</li></ol>"	"<b>Правильный ответ: 2. Через 150 м находится пешеходный переход</b><hr>
<b>Правильный ответ: 2</b>
<br/>
            Под знаком <a href=""https://www.drom.ru/pdd/pdd/sign_1_22/"" target=""_blank"">1.22</a> «Пешеходный переход» установлена табличка <a href=""https://www.drom.ru/pdd/pdd/sign_8_1_1/"" target=""_blank"">8.1.1</a> «Расстояние до объекта», указывающая расстояние до опасного участка, о котором информирует предупреждающий знак.
(«Дорожные знаки»)        "
"Какие из указанных знаков распространяют свое действие только на период времени, когда покрытие проезжей части влажное?<br><img src=""https://s.drom.ru/i24227/pdd/tickets/2016/1542608421.jpg""><br><ol><li>Только А</li><li>А и Б</li><li>Все</li></ol>"	"<b>Правильный ответ: 1. Только А</b><hr>
<b>Правильный ответ: 1</b>
<br/>
            Только комбинация знаков «А» - <a href=""https://www.drom.ru/pdd/pdd/sign_3_24/"" target=""_blank"">3.24</a> «Ограничение максимальной скорости» с табличкой <a href=""https://www.drom.ru/pdd/pdd/sign_8_16/"" target=""_blank"">8.16</a> «Влажное покрытие», указывающей, что действие знака распространяется на период, когда покрытие проезжей части влажное - является правильным ответом.
Знак «Б» - <a href=""https://www.drom.ru/pdd/pdd/sign_1_18/"" target=""_blank"">1.18</a> «Выброс гравия» - предупреждает об участке дороги, на котором возможен выброс гравия, щебня и тому подобного из-под колёс транспортных средств.
Знак «В» - <a href=""https://www.drom.ru/pdd/pdd/sign_1_15/"" target=""_blank"">1.15</a> «Скользкая дорога» - предупреждает об участке дороги с повышенной скользкостью проезжей части. Причиной этого может быть выпадение снега, обледенение, разлив битума при производстве дорожных работ и т. п. 
(«Дорожные знаки»)        "
"Двигаясь в населенном пункте, Вы можете продолжить движение:<br><img src=""https://s.drom.ru/i24228/pdd/tickets/2016/1543885461.jpg""><br><ol><li>Только в направлении Б</li><li>В направлениях А или Б</li><li>В любом направлении из указанных</li></ol>"	"<b>Правильный ответ: 1. Только в направлении Б</b><hr>
<b>Правильный ответ: 1</b>
<br/>
            В населенном пункте, обозначенном соответствующим знаком с белым фоном, на данной дороге водитель может использовать любую удобную для него полосу движения (Пункт <a href=""https://www.drom.ru/pdd/pdd/punkt_9_4/#p9_4"" target=""_blank"">9.4</a> ПДД). Знак <a href=""https://www.drom.ru/pdd/pdd/sign_4_1_4/"" target=""_blank"">4.1.4</a> «Движение прямо или направо» распространяет свое действие на первое пересечение проезжих частей, перед которыми он установлен. От действия знака могут отступать маршрутные транспортные средства. В данной ситуации для Вас разметка <a href=""https://www.drom.ru/pdd/pdd/mark_1_11/"" target=""_blank"">1.11</a> (сплошная линия с прерывистой) значения не имеет. (Есть она или нет, к примеру, занесена снегом). Развернуться по траектории «В», Вам нельзя. Согласно пункта <a href=""https://www.drom.ru/pdd/pdd/punkt_8_5/#p8_5"" target=""_blank"">8.5</a> ПДД нельзя совершить и поворот направо, т. к. вы не находитесь на крайней правой полосе. Можете продолжить движение только в направлении «Б».
(«Дорожные знаки»)        "
"Этот знак:<br><img src=""https://s.drom.ru/i24228/pdd/tickets/2016/1543885445.jpg""><br><ol><li>Предупреждает Вас о наличии узкого участка дороги, но не устанавливает очередность движения</li><li>Запрещает Вам проезд через мост</li><li>Обязывает Вас уступить дорогу встречному транспортному средству</li></ol>"	"<b>Правильный ответ: 3. Обязывает Вас уступить дорогу встречному транспортному средству</b><hr>
<b>Правильный ответ: 3</b>
<br/>
            Знак <a href=""https://www.drom.ru/pdd/pdd/sign_2_6/"" target=""_blank"">2.6</a> «Преимущество встречного движения» запрещает выезд на узкий участок дороги, если это может затруднить встречное движение. Поэтому Вам следует уступить дорогу грузовику, подъезжающему к мосту.
(«Дорожные знаки», пункт <a href=""https://www.drom.ru/pdd/pdd/punkt_1_2/#p1_2"" target=""_blank"">1.2</a> термин «Уступить дорогу»)        "
"Как следует поступить, если Вам необходимо развернуться?<br><img src=""https://s.drom.ru/i24228/pdd/tickets/2016/1543885427.jpg""><br><ol><li>Развернуться на этом перекрестке при отсутствии на нем других транспортных средств</li><li>Проехать прямо и развернуться за перекрестком</li><li>Проехать прямо и развернуться только на следующем перекрестке</li></ol>"	"<b>Правильный ответ: 2. Проехать прямо и развернуться за перекрестком</b><hr>
<b>Правильный ответ: 2</b>
<br/>
            Действие знака <a href=""https://www.drom.ru/pdd/pdd/sign_4_1_1/"" target=""_blank"">4.1.1</a> «Движение прямо», установленного перед пересечением проезжих частей, распространяется на первое пересечение за знаком. В данном случае действует на весь перекрёсток. Поэтому, если Вы решили развернуться, Вам ничего не остаётся, как проехать перекрёсток и развернуться на последующем за ним участке дороги, т.е. за перекрестком.
(«Дорожные знаки»)        "
"О чем предупреждают Вас эти знаки?<br><img src=""https://s.drom.ru/i24228/pdd/tickets/2016/1543885410.jpg""><br><ol><li>Остановка транспортных средств на обочине запрещена</li><li>Съезд на обочину опасен в связи с проведением на ней дорожных работ</li><li>В месте производства дорожных работ стоянка запрещена</li></ol>"	"<b>Правильный ответ: 2. Съезд на обочину опасен в связи с проведением на ней дорожных работ</b><hr>
<b>Правильный ответ: 2</b>
<br/>
            Знак <a href=""https://www.drom.ru/pdd/pdd/sign_1_25/"" target=""_blank"">1.25</a> «Дорожные работы» в сочетании с табличкой <a href=""https://www.drom.ru/pdd/pdd/sign_8_12/"" target=""_blank"">8.12</a> «Опасная обочина» предупреждает водителей, что съезд на обочину опасен в связи с проведением на ней дорожных (ремонтных) работ.
(«Дорожные знаки»)        "
"Вам можно продолжить движение на перекрестке:<br><img src=""https://s.drom.ru/i24228/pdd/tickets/2016/1543885393.jpg""><br><ol><li>Только в направлении Б</li><li>В направлениях А и Б</li><li>В направлениях Б и В</li></ol>"	"<b>Правильный ответ: 2. В направлениях А и Б</b><hr>
<b>Правильный ответ: 2</b>
<br/>
            Разделительная полоса делит дорогу на проезжие части. Действие знака <a href=""https://www.drom.ru/pdd/pdd/sign_4_1_1/"" target=""_blank"">4.1.1</a> «Движение прямо», установленного перед перекрёстком, распространяется только на первое пересечение проезжих частей за знаком. Движение по траектории «В» запрещено. Вы можете двигаться по траектории «А» или «Б».
(«Дорожные знаки», пункт <a href=""https://www.drom.ru/pdd/pdd/punkt_1_2/#p1_2"" target=""_blank"">1.2</a> ПДД)        "
"В какой из дворов Вам можно въехать в данной ситуации?<br><img src=""https://s.drom.ru/i24228/pdd/tickets/2016/1543885377.jpg""><br><ol><li>Повороты во дворы запрещены</li><li>Только во двор направо</li><li>Только во двор налево</li><li>В любой</li></ol>"	"<b>Правильный ответ: 2. Только во двор направо</b><hr>
<b>Правильный ответ: 2</b>
<br/>
            Знак <a href=""https://www.drom.ru/pdd/pdd/sign_4_1_1/"" target=""_blank"">4.1.1</a> «Движение прямо» установлен за пересечением проезжих частей, т.е. в начале участка дороги. Действие его в этом случае распространяется до следующего перекрёстка, при этом не запрещается совершать поворот направо во дворы и на прилегающие территории. Соответственно можете повернуть только во двор направо.
(«Дорожные знаки»)        "
"На каком расстоянии до неровного участка дороги устанавливается этот знак вне населенного пункта?<br><img src=""https://s.drom.ru/i24227/pdd/tickets/2016/1542608603.jpg""><br><ol><li>150 – 300 м</li><li>50 – 100 м</li><li>Непосредственно перед неровным участком дороги</li></ol>"	"<b>Правильный ответ: 1. 150 – 300 м</b><hr>
<b>Правильный ответ: 1</b>
<br/>
            Как и большинство предупреждающих знаков, знак <a href=""https://www.drom.ru/pdd/pdd/sign_1_16/"" target=""_blank"">1.16</a> «Неровная дорога» устанавливается вне населённого пункта за 150-300 м до опасного участка дороги.
(«Дорожные знаки»)        "
"Этот дорожный знак предупреждает:<br><img src=""https://s.drom.ru/i24227/pdd/tickets/2016/1542608628.jpg""><br><ol><li>О приближении к скользкому участку дороги</li><li>О приближении к мокрому или загрязненному участку дороги</li><li>О приближении к участку дороги, где возможен выброс гравия (щебня) из-под колес</li></ol>"	"<b>Правильный ответ: 3. О приближении к участку дороги, где возможен выброс гравия (щебня) из-под колес</b><hr>
<b>Правильный ответ: 3</b>
<br/>
            Предупреждающий знак <a href=""https://www.drom.ru/pdd/pdd/sign_1_18/"" target=""_blank"">1.18</a> «Выброс гравия» устанавливается вне населённого пункта за 150-300 м до опасного участка. При проезде этого участка следует по возможности увеличить интервал и дистанцию между автомобилями, снизить скорость. Летящие щебень, гравий могут «травмировать» лобовое стекло, стёкла фар автомобиля. На наших дорогах это не редкость.
(«Дорожные знаки»)        "
"В каких направлениях Вам можно продолжить движение на грузовом автомобиле с разрешенной максимальной массой более 3,5 т?<br><img src=""https://s.drom.ru/i24228/pdd/tickets/2016/1543885325.jpg""><br><ol><li>Только прямо</li><li>Прямо и направо</li><li>Прямо и в обратном направлении</li></ol>"	"<b>Правильный ответ: 1. Только прямо</b><hr>
<b>Правильный ответ: 1</b>
<br/>
            Табличка <a href=""https://www.drom.ru/pdd/pdd/sign_8_4_1/"" target=""_blank"">8.4.1</a> под знаком распространяет действие знака на транспортное средство, которым Вы управляете. Согласно знаку <a href=""https://www.drom.ru/pdd/pdd/sign_4_1_1/"" target=""_blank"">4.1.1</a> «Движение прямо» продолжаете движение только прямо.
(«Дорожные знаки»)        "
"Можно ли Вам за перекрестком въехать во двор?<br><img src=""https://s.drom.ru/i24228/pdd/tickets/2016/1543885311.jpg""><br><ol><li>Можно</li><li>Можно, если Вы обслуживаете предприятие, находящееся в этом доме</li><li>Нельзя</li></ol>"	"<b>Правильный ответ: 1. Можно</b><hr>
<b>Правильный ответ: 1</b>
<br/>
            Действие знака <a href=""https://www.drom.ru/pdd/pdd/sign_4_1_1/"" target=""_blank"">4.1.1</a> «Движение прямо» в случае его установки перед пересечением проезжих частей (перекрёстком) распространяется только на первое пересечение за знаком. Поворот налево совершается вне зоны действия знака. Ничего противоречащего его выполнению нет. Въезжаете во двор по указанной траектории.
(«Дорожные знаки»)        "
"Этот знак предупреждает о приближении к перекрестку, на котором Вы:<br><img src=""https://s.drom.ru/i24228/pdd/tickets/2016/1543885296.jpg""><br><ol><li>Имеете право преимущественного проезда</li><li>Должны уступить дорогу всем транспортным средствам, движущимся по пересекаемой дороге</li><li>Должны уступить дорогу только транспортным средствам, приближающимся справа</li></ol>"	"<b>Правильный ответ: 3. Должны уступить дорогу только транспортным средствам, приближающимся справа</b><hr>
<b>Правильный ответ: 3</b>
<br/>
            Данная ситуация на первый взгляд очень проста. Знак <a href=""https://www.drom.ru/pdd/pdd/sign_1_6/"" target=""_blank"">1.6</a> «Пересечение равнозначных дорог» предупреждает, что через 50-100 м будет находиться равнозначный перекрёсток, при определении порядка проезда которого водители будут руководствоваться «правилом правой руки», т.е. у кого из них окажется помеха справа, тот обязательно уступит дорогу.
(«Дорожные знаки», пункт <a href=""https://www.drom.ru/pdd/pdd/punkt_13_11/#p13_11"" target=""_blank"">13.11</a> ПДД). 
Но до этого перекрёстка видим: находится крутой поворот, дальнейшая видимость ограничена, что представляет для водителя первостепенную опасность, но о чём Вы преждевременно не проинформированы. К сожалению, в практике таких недостатков в организации дорожного движения очень много, что существенно влияет на нашу дорожную безопасность.        "
Какие из предупреждающих и запрещающих знаков являются временными?<br><br><ol><li>Только установленные на переносных опорах</li><li>Имеющие желтый фон, а также установленные на переносных опорах</li><li>Только установленные в местах производства дорожных работ</li></ol>	"<b>Правильный ответ: 2. Имеющие желтый фон, а также установленные на переносных опорах</b><hr>
<b>Правильный ответ: 2</b>
<br/>
            Желтый фон на предупреждающих и запрещающих знаках, означает, что эти знаки являются временными. Временными являются и знаки, установленные на переносных опорах. (Дорожные знаки)        "
"Данный дорожный знак:<br><img src=""https://s.drom.ru/i24228/pdd/tickets/2016/1543885264.jpg""><br><ol><li>Предупреждает Вас о приближении к месту пересечения с трамвайной линией</li><li>Предупреждает Вас о приближении к трамвайной остановке</li><li>Обязывает Вас остановиться непосредственно перед пересечением с трамвайной линией</li></ol>"	"<b>Правильный ответ: 1. Предупреждает Вас о приближении к месту пересечения с трамвайной линией</b><hr>
<b>Правильный ответ: 1</b>
<br/>
            Знак <a href=""https://www.drom.ru/pdd/pdd/sign_1_5/"" target=""_blank"">1.5</a> «Пересечение с трамвайной линией» в населённом пункте устанавливается за 50 - 100 м до пересечения с трамвайной линией. Имейте ввиду, что вне перекрестка, где трамвайные пути пересекают проезжую часть, трамвай имеет преимущество перед безрельсовыми ТС, кроме случаев выезда из депо.
(«Дорожные знаки». Пункт <a href=""https://www.drom.ru/pdd/pdd/punkt_18_1/#p18_1"" target=""_blank"">18.1</a> ПДД)        "
"Эти знаки предупреждают Вас:<br><img src=""https://s.drom.ru/i24228/pdd/tickets/2016/1543885247.jpg""><br><ol><li>О приближении к железнодорожному переезду с тремя путями</li><li>О наличии через 150 – 300 м железнодорожного переезда без шлагбаума</li><li>О наличии через 50 – 100 м железнодорожного переезда</li></ol>"	"<b>Правильный ответ: 2. О наличии через 150 – 300 м железнодорожного переезда без шлагбаума</b><hr>
<b>Правильный ответ: 2</b>
<br/>
            На одной стойке размещены два предупреждающих знака. Нижний знак <a href=""https://www.drom.ru/pdd/pdd/sign_1_4/"" target=""_blank"">1.4.1</a> «Приближение к железнодорожному переезду» устанавливается только вне населённых пунктов на расстоянии 150 - 300 м до железнодорожного переезда. Верхний знак <a href=""https://www.drom.ru/pdd/pdd/sign_1_2/"" target=""_blank"">1.2</a> «Железнодорожный переезд без шлагбаума» вне населённого пункта устанавливается на таком же расстоянии. Такое сочетание знаков предупреждает, что Вы приближаетесь к железнодорожному переезду без шлагбаума, расстояние до которого не менее 150 м.
(«Дорожные знаки»)        "
"Вам разрешено продолжить движение на грузовом автомобиле, имеющем разрешенную максимальную массу более 3,5 т, с прицепом:<br><img src=""https://s.drom.ru/i24228/pdd/tickets/2016/1543885229.jpg""><br><ol><li>Только прямо</li><li>Прямо и направо</li><li>Прямо и в обратном направлении</li></ol>"	"<b>Правильный ответ: 1. Только прямо</b><hr>
<b>Правильный ответ: 1</b>
<br/>
            Табличка под знаком <a href=""https://www.drom.ru/pdd/pdd/sign_8_4_1/"" target=""_blank"">8.4.1</a> «Вид транспортного средства» распространяет действие знака <a href=""https://www.drom.ru/pdd/pdd/sign_4_1_1/"" target=""_blank"">4.1.1</a> «Движение прямо» на грузовые автомобили, в том числе с прицепом, с разрешённой максимальной массой более 3,5 т. Вам разрешается движение на перекрестке только прямо.
(«Дорожные знаки»)        "
"Какие из указанных знаков требуют обязательной остановки?<br><img src=""https://s.drom.ru/i24227/pdd/tickets/2016/1542608831.jpg""><br><ol><li>Только А</li><li>Только Б</li><li>Б и В</li><li>Все</li></ol>"	"<b>Правильный ответ: 2. Только Б</b><hr>
<b>Правильный ответ: 2</b>
<br/>
            Только знак «Б» - <a href=""https://www.drom.ru/pdd/pdd/sign_2_5/"" target=""_blank"">2.5</a> «Движение без остановки запрещено» - требует обязательной остановки. Знак устанавливается или у пересечения проезжих частей (случай 1), или у ж. д. переезда, или карантинного поста (случай 2).
Знак «А» - <a href=""https://www.drom.ru/pdd/pdd/sign_2_6/"" target=""_blank"">2.6</a> «Преимущество встречного движения» - запрещает въезд на узкий участок дороги, если это может затруднить встречное движение.
Знак «В» - <a href=""https://www.drom.ru/pdd/pdd/sign_6_16/"" target=""_blank"">6.16</a> «Стоп-линия» - обозначает место остановки транспортных средств при запрещающем сигнале светофора.
Знак «Г» - <a href=""https://www.drom.ru/pdd/pdd/sign_2_4/"" target=""_blank"">2.4</a> «Уступите дорогу» - определяет очерёдность проезда конкретного пересечения. Место остановки при необходимости выбирайте сами, руководствуясь правилом: «Вы не должны возобновлять или продолжать движение, осуществлять какой-либо маневр, если действие Вашего автомобиля вынудит других участников движения изменить направление движения или скорость».
(«Дорожные знаки»)        "
"Какие из указанных знаков используются для обозначения границ искусственной неровности?<br><img src=""https://s.drom.ru/i24227/pdd/tickets/2016/1542608852.jpg""><br><ol><li>Только А</li><li>Только Б</li><li>Б и В</li></ol>"	"<b>Правильный ответ: 1. Только А</b><hr>
<b>Правильный ответ: 1</b>
<br/>
            Знак «А» - <a href=""https://www.drom.ru/pdd/pdd/sign_5_20/"" target=""_blank"">5.20</a> «Искусственная неровность» обозначает границу искусственной неровности («лежащий полицейский»). Знак устанавливается на ближайшей границе искусственной неровности относительно приближающихся ТС.
(«Дорожные знаки»)        "
"Вам можно продолжить движение:<br><img src=""https://s.drom.ru/i24228/pdd/tickets/2016/1543885181.jpg""><br><ol><li>Только по траектории А</li><li>Только по траектории Б</li><li>По любой траектории из указанных</li></ol>"	"<b>Правильный ответ: 1. Только по траектории А</b><hr>
<b>Правильный ответ: 1</b>
<br/>
            Разделительные полосы делят дорогу на смежные проезжие части. Действие знака <a href=""https://www.drom.ru/pdd/pdd/signs_4/#s4_1_2"" target=""_blank"">4.1.2</a> «Движение направо», установленного перед пересечением проезжих частей, распространяется на первое пересечение. Можете продолжить движение только по траектории «А».
(Пункт <a href=""https://www.drom.ru/pdd/pdd/punkt_1_2/#p1_2"" target=""_blank"">1.2</a> термин «Разделительная полоса», «Дорожные знаки»)        "
"Какие из указанных знаков предоставляют право преимущественного проезда нерегулируемых перекрестков?<br><img src=""https://s.drom.ru/i24227/pdd/tickets/2016/1542608899.jpg""><br><ol><li>Только А</li><li>А и В</li><li>Все</li></ol>"	"<b>Правильный ответ: 2. А и В</b><hr>
<b>Правильный ответ: 2</b>
<br/>
            Знаки: <a href=""https://www.drom.ru/pdd/pdd/sign_2_1/"" target=""_blank"">2.1</a> «Главная дорога» («А») и <a href=""https://www.drom.ru/pdd/pdd/sign_2_3_2/"" target=""_blank"">2.3.5</a> «Примыкание второстепенной дороги» («В») предоставляют право преимущественного проезда нерегулируемых перекрёстков транспортным средствам, находящимся на главной дороге.
(Пункт <a href=""https://www.drom.ru/pdd/pdd/punkt_1_2/#p1_2"" target=""_blank"">1.2</a> термин «Главная дорога», <a href=""https://www.drom.ru/pdd/pdd/punkt_13_9/#p13_9"" target=""_blank"">13.9</a> ПДД)        "
"Вам можно выполнить разворот:<br><img src=""https://s.drom.ru/i24228/pdd/tickets/2016/1543885147.jpg""><br><ol><li>Только по траектории А</li><li>Только по траектории Б</li><li>По любой траектории из указанных</li></ol>"	"<b>Правильный ответ: 2. Только по траектории Б</b><hr>
<b>Правильный ответ: 2</b>
<br/>
            Действие знака <a href=""https://www.drom.ru/pdd/pdd/sign_4_1_1/"" target=""_blank"">4.1.1</a> «Движение прямо» в случае установки его перед пересечением проезжих частей, распространяется только на первое пересечение за знаком. Вы можете выполнить разворот по траектории «Б».
(«Дорожные знаки»)        "
"Какие из указанных знаков информируют о приближении к началу участка дороги со встречным движением?<br><img src=""https://s.drom.ru/i24227/pdd/tickets/2016/1542608946.jpg""><br><ol><li>Только А</li><li>А и Б</li><li>Все</li></ol>"	"<b>Правильный ответ: 1. Только А</b><hr>
<b>Правильный ответ: 1</b>
<br/>
            Только предупреждающий знак «А» - <a href=""https://www.drom.ru/pdd/pdd/sign_1_21/"" target=""_blank"">1.21</a> «Двустороннее движение» - устанавливается перед проезжей частью со встречным движением, если ему предшествовал участок дороги с односторонним движением.
Знак «Б» - <a href=""https://www.drom.ru/pdd/pdd/sign_5_8/"" target=""_blank"">5.8</a> «Реверсивное движение» - информирует о начале участка дороги, на котором на одной или нескольких полосах направление движения может изменяться на противоположное.
Знак «В» - <a href=""https://www.drom.ru/pdd/pdd/sign_5_15_7/"" target=""_blank"">5.15.7</a> «Направление движения по полосам» - указывает организацию движения в обоих направлениях на трёхполосной дороге.
(«Дорожные знаки»)        "
"Какие из указанных знаков информируют о том, что на перекрестке необходимо уступить дорогу транспортным средствам, приближающимся слева?<br><img src=""https://s.drom.ru/i24227/pdd/tickets/2016/1542608968.jpg""><br><ol><li>Только А</li><li>Только Б</li><li>А и Б</li><li>Все</li></ol>"	"<b>Правильный ответ: 2. Только Б</b><hr>
<b>Правильный ответ: 2</b>
<br/>
            Порядок проезда транспортных средств на перекрёстках определяется знаками приоритета, обозначенными в данном случае «А» и «Б».
Знак «А» - <a href=""https://www.drom.ru/pdd/pdd/sign_2_3_2/"" target=""_blank"">2.3.3</a> «Примыкание второстепенной дороги» - информирует, что примыкающая дорога слева - второстепенная. Двигаясь по главной дороге, Вы имеете преимущество.
Комбинация знаков «Б» - <a href=""https://www.drom.ru/pdd/pdd/sign_2_4/"" target=""_blank"">2.4</a> «Уступите дорогу» с табличкой <a href=""https://www.drom.ru/pdd/pdd/sign_8_13/"" target=""_blank"">8.13</a> «Направление главной дороги» информирует, что движущиеся транспортные средства, находящиеся на главной дороге слева и прямо со встречного направления, имеют преимущество. Вы обязаны уступить им дорогу.
Знак «В» - <a href=""https://www.drom.ru/pdd/pdd/sign_5_13/"" target=""_blank"">5.13.1</a> «Выезд на дорогу с полосой для маршрутных транспортных средств» - входит в группу знаков особых предписаний. Он не может регулировать очерёдность проезда транспортных средств.
(«Дорожные знаки»)        "
"На каком расстоянии до скользкого участка дороги устанавливается данный знак в населенном пункте?<br><img src=""https://s.drom.ru/i24227/pdd/tickets/2016/1542609014.jpg""><br><ol><li>150 – 300 м</li><li>50 – 100 м</li><li>Непосредственно перед началом скользкого участка</li></ol>"	"<b>Правильный ответ: 2. 50 – 100 м</b><hr>
<b>Правильный ответ: 2</b>
<br/>
            В населённом пункте большинство предупреждающих знаков устанавливается на расстоянии 50-100 м до опасного участка. На таком расстоянии устанавливается и знак <a href=""https://www.drom.ru/pdd/pdd/sign_1_15/"" target=""_blank"">1.15</a> «Скользкая дорога».
(«Дорожные знаки»)        "
"Вы можете продолжить движение на следующем перекрестке:<br><img src=""https://s.drom.ru/i24228/pdd/tickets/2016/1543885070.jpg""><br><ol><li>Только в направлении Б</li><li>В направлениях А и Б</li><li>В любом направлении из указанных</li></ol>"	"<b>Правильный ответ: 3. В любом направлении из указанных</b><hr>
<b>Правильный ответ: 3</b>
<br/>
            В данном случае знак <a href=""https://www.drom.ru/pdd/pdd/sign_4_1_1/"" target=""_blank"">4.1.1</a> «Движение прямо» установлен за пересечением проезжих частей, т.е. в начале участка дороги. Действие знака в такой ситуации распространяется до ближайшего перекрёстка. Поэтому Вы можете продолжать движение во всех указанных направлениях.
(«Дорожные знаки»)        "
"Разрешается ли Вам въехать на мост одновременно с водителем мотоцикла?<br><img src=""https://s.drom.ru/i24228/pdd/tickets/2016/1543885055.jpg""><br><ol><li>Разрешается</li><li>Разрешается, если Вы не затрудните ему движение</li><li>Запрещается</li></ol>"	"<b>Правильный ответ: 2. Разрешается, если Вы не затрудните ему движение</b><hr>
<b>Правильный ответ: 2</b>
<br/>
            Данный знак (<a href=""https://www.drom.ru/pdd/pdd/sign_2_6/"" target=""_blank"">2.6</a>) запрещает выезд на узкий участок дороги только в том случае, если это затруднит встречное движение.
(«Дорожные знаки»)        "
"Какие из указанных знаков устанавливают непосредственно перед железнодорожным переездом?<br><img src=""https://s.drom.ru/i24227/pdd/tickets/2016/1542609085.jpg""><br><ol><li>Только А</li><li>Только Б</li><li>Только В</li><li>А и В</li></ol>"	"<b>Правильный ответ: 3. Только В</b><hr>
<b>Правильный ответ: 3</b>
<br/>
            Из обозначенных только знак «В» - <a href=""https://www.drom.ru/pdd/pdd/sign_1_3_2/"" target=""_blank"">1.3.2</a> «Многопутная железная дорога» - устанавливается непосредственно перед железнодорожным переездом.
Следует учитывать, что при отсутствии шлагбаумов на ж. д. переезде знаки <a href=""https://www.drom.ru/pdd/pdd/sign_1_3_1/"" target=""_blank"">1.3.1</a> и <a href=""https://www.drom.ru/pdd/pdd/sign_1_3_2/"" target=""_blank"">1.3.2</a> определяют размер переезда.
Комбинации знаков «А» и «Б» устанавливаются вне населённых пунктов на расстоянии 150-300 м.
(«Дорожные знаки»)        "
"Данные знаки предупреждают о приближении:<br><img src=""https://s.drom.ru/i24227/pdd/tickets/2016/1542609110.jpg""><br><ol><li>К месту производства работ на дороге</li><li>К железнодорожному переезду со шлагбаумом</li><li>К железнодорожному переезду без шлагбаума</li></ol>"	"<b>Правильный ответ: 2. К железнодорожному переезду со шлагбаумом</b><hr>
<b>Правильный ответ: 2</b>
<br/>
            Знак <a href=""https://www.drom.ru/pdd/pdd/sign_1_1/"" target=""_blank"">1.1</a> «Железнодорожный переезд со шлагбаумом» и знак <a href=""https://www.drom.ru/pdd/pdd/sign_1_4/"" target=""_blank"">1.4.1</a> «Приближение к железнодорожному переезду» расположены на одной стойке, так как вне населённого пункта они располагаются на расстоянии 150 - 300 м до опасного участка. Вне населённого пункта знак <a href=""https://www.drom.ru/pdd/pdd/sign_1_1/"" target=""_blank"">1.1</a> обязательно повторяется. Данные знаки предупреждают о приближении к железнодорожному переезду со шлагбаумами.
(«Дорожные знаки»)        "
"Этот знак предупреждает о приближении к тоннелю, в котором:<br><img src=""https://s.drom.ru/i24227/pdd/tickets/2016/1542609140.jpg""><br><ol><li>Будет затруднен разъезд со встречными транспортными средствами</li><li>Отсутствует искусственное освещение</li><li>Очередность движения регулируется светофором</li></ol>"	"<b>Правильный ответ: 2. Отсутствует искусственное освещение</b><hr>
<b>Правильный ответ: 2</b>
<br/>
            Знак <a href=""https://www.drom.ru/pdd/pdd/sign_1_31/"" target=""_blank"">1.31</a> «Тоннель» предупреждает о приближении к тоннелю, в котором отсутствует искусственное освещение, или к тоннелю, видимость въездного портала которого ограничена. В тоннелях на движущемся транспортном средстве должны быть включены фары дальнего или ближнего света фар, независимо от наличия освещённости тоннеля.
(«Дорожные знаки», пункт <a href=""https://www.drom.ru/pdd/pdd/punkt_19_1/#p19_1"" target=""_blank"">19.1</a> ПДД)        "
"Можно ли остановиться для посадки пассажира за знаком?<br><img src=""https://s.drom.ru/i24231/pdd/tickets/2016/1551664727.jpg""><br><ol><li>Можно</li><li>Можно только на маломестном автобусе</li><li>Нельзя</li></ol>"	"<b>Правильный ответ: 1. Можно</b><hr>
<b>Правильный ответ: 1</b>
<br/>
            Знак <a href=""https://www.drom.ru/pdd/pdd/sign_3_28/"" target=""_blank"">3.28</a> «Стоянка запрещена» не запрещает производить остановку. В указанном месте Вам совершить остановку можно.
(«Дорожные знаки»).        "
"Разрешается ли Вам продолжить движение в прямом направлении на транспортном средстве подкатегории «С1» без прицепа?<br><img src=""https://s.drom.ru/i24228/pdd/tickets/2016/1543885611.jpg""><br><ol><li>Разрешается</li><li>Разрешается, если Вы обслуживаете предприятие, находящееся в обозначенной знаком зоне</li><li>Запрещается</li></ol>"	"<b>Правильный ответ: 2. Разрешается, если Вы обслуживаете предприятие, находящееся в обозначенной знаком зоне</b><hr>
<b>Правильный ответ: 2</b>
<br/>
            Знак <a href=""https://www.drom.ru/pdd/pdd/sign_3_4/"" target=""_blank"">3.4</a> «Движение грузовых автомобилей запрещено», при отсутствии цифры на автомобиле, распространяет свое действие на данные автомобили, в т.ч. и с прицепом, р.м.м. которых более 3,5 т. Также от действия данного знака отступают указанные ТС р.м.м. которых величиной до 26 т без прицепа, и они в этом случае обслуживают предприятия, находящиеся в обозначенной знаком зоне. Данное правило распространяется и на ТС подкатегории С1, т.к. их р.м.м. не превышает 7,5 т.
(«Дорожные знаки» ст. 25 п.1 ФЗ «О безопасности дорожного движения»)        "
"Вам необходимо двигаться со скоростью не более 40 км/ч:<br><img src=""https://s.drom.ru/i24228/pdd/tickets/2016/1543885592.jpg""><br><ol><li>Только во время дождя</li><li>Во время выпадения осадков (дождя, града, снега)</li><li>Во всех случаях, когда покрытие проезжей части влажное</li></ol>"	"<b>Правильный ответ: 3. Во всех случаях, когда покрытие проезжей части влажное</b><hr>
<b>Правильный ответ: 3</b>
<br/>
            Табличка <a href=""https://www.drom.ru/pdd/pdd/sign_8_16/"" target=""_blank"">8.16</a> «Влажное покрытие» указывает, что действие знака распространяется на период времени, когда покрытие проезжей части влажное.
(«Дорожные знаки»)        "
"Какой из указанных знаков распространяет своё действие только на ту полосу, над которой он установлен?<br><img src=""https://s.drom.ru/i24227/pdd/tickets/2016/1542608285.jpg""><br><ol><li>Только А</li><li>Только Б</li><li>Б и В</li></ol>"	"<b>Правильный ответ: 1. Только А</b><hr>
<b>Правильный ответ: 1</b>
<br/>
            Знак с табличкой <a href=""https://www.drom.ru/pdd/pdd/sign_8_14/"" target=""_blank"">8.14</a> «Полоса движения» («А»), указывающей полосу движения, на которую распространяется действие знака или светофора. 
(«Дорожные знаки»)        "
"Разрешена ли Вам стоянка в указанном месте?<br><img src=""https://s.drom.ru/i24228/pdd/tickets/2016/1543885560.jpg""><br><ol><li>Разрешена</li><li>Разрешена только в светлое время суток</li><li>Запрещена</li></ol>"	"<b>Правильный ответ: 1. Разрешена</b><hr>
<b>Правильный ответ: 1</b>
<br/>
            Действие знака <a href=""https://www.drom.ru/pdd/pdd/sign_3_27/"" target=""_blank"">3.27</a> «Остановка запрещена» распространяется от места установки до ближайшего перекрёстка, а при отсутствии перекрестка - до конца населённого пункта. В данном случае до знака <a href=""https://www.drom.ru/pdd/pdd/sign_5_24_1/"" target=""_blank"">5.24.2</a> «Конец населённого пункта». Вы имеете право остановиться на обочине за знаком.
(«Дорожные знаки»)        "
"Какие из указанных знаков разрешают проезд на автомобиле к месту проживания или работы?<br><img src=""https://s.drom.ru/i24227/pdd/tickets/2016/1542608330.jpg""><br><ol><li>Только А</li><li>Только В</li><li>А и В</li><li>Все</li></ol>"	"<b>Правильный ответ: 3. А и В</b><hr>
<b>Правильный ответ: 3</b>
<br/>
            Разрешают проезд на автомобиле к месту проживания или работы знаки: «А» - <a href=""https://www.drom.ru/pdd/pdd/sign_3_2/"" target=""_blank"">3.2</a> «Движение запрещено», «В» - <a href=""https://www.drom.ru/pdd/pdd/sign_3_3/"" target=""_blank"">3.3</a> «Движение механических транспортных средств запрещено». Из запрещающих знаков 6 знаков предоставляют такую «льготу». В их число не входит знак «Б» - <a href=""https://www.drom.ru/pdd/pdd/sign_3_1/"" target=""_blank"">3.1</a> «Въезд запрещён», который запрещает въезд под знак всех ТС, кроме маршрутных транспортных средств  и ТС, в случае применения знака <a href=""https://www.drom.ru/pdd/pdd/sign_3_1/"" target=""_blank"">3.1</a> с табличками <a href=""https://www.drom.ru/pdd/pdd/sign_8_4_1/"" target=""_blank"">8.4.1</a> - <a href=""https://www.drom.ru/pdd/pdd/sign_8_4_1/"" target=""_blank"">8.4.8</a>;  <a href=""https://www.drom.ru/pdd/pdd/sign_8_5_1/"" target=""_blank"">8.5.1</a>, <a href=""https://www.drom.ru/pdd/pdd/sign_8_5_2/#s8_5_2"" target=""_blank"">8.5.2</a>, <a href=""https://www.drom.ru/pdd/pdd/sign_8_5_3/#s8_5_3"" target=""_blank"">8.5.3</a>, <a href=""https://www.drom.ru/pdd/pdd/sign_8_5_4/#s8_5_4"" target=""_blank"">8.5.4</a>, <a href=""https://www.drom.ru/pdd/pdd/sign_8_5_5/#s8_5_5"" target=""_blank"">8.5.5</a> - <a href=""https://www.drom.ru/pdd/pdd/sign_8_5_5/#s8_5_5"" target=""_blank"">8.5.7</a> и <a href=""https://www.drom.ru/pdd/pdd/sign_8_4_9/"" target=""_blank"">8.4.9</a> - <a href=""https://www.drom.ru/pdd/pdd/sign_8_4_9/"" target=""_blank"">8.4.16</a>.
(«Дорожные знаки»)        "
"Какие из указанных знаков запрещают поворот налево?<br><img src=""https://s.drom.ru/i24227/pdd/tickets/2016/1542608374.jpg""><br><ol><li>Только А</li><li>А и Б</li><li>А и В</li><li>Все</li></ol>"	"<b>Правильный ответ: 3. А и В</b><hr>
<b>Правильный ответ: 3</b>
<br/>
            На перекрёстке, перед которым установлен знак «А» - <a href=""https://www.drom.ru/pdd/pdd/sign_5_13/"" target=""_blank"">5.13.1</a> «Выезд на дорогу с полосой для маршрутных транспортных средств», запрещается поворот налево других транспортных средств.
Запрещает поворот всем видам транспортных средств и знак «В» - <a href=""https://www.drom.ru/pdd/pdd/sign_6_3_1/"" target=""_blank"">6.3.1</a> «Место для разворота».
Среди изображённых знаков следует обратить внимание на знак «Б» - <a href=""https://www.drom.ru/pdd/pdd/sign_3_19/"" target=""_blank"">3.19</a> «Разворот запрещён», который, наоборот, поворот налево не запрещает.
(«Дорожные знаки»)        "
"Вам разрешено продолжить движение:<br><img src=""https://s.drom.ru/i24228/pdd/tickets/2016/1543885493.jpg""><br><ol><li>Только в направлении Б</li><li>В направлениях А или Б</li><li>В направлениях Б или В</li></ol>"	"<b>Правильный ответ: 1. Только в направлении Б</b><hr>
<b>Правильный ответ: 1</b>
<br/>
            Согласно знаку <a href=""https://www.drom.ru/pdd/pdd/sign_4_3/"" target=""_blank"">4.3</a> «Круговое движение» Вы выезжаете на перекрёсток, движение по которому разрешается только в направлении стрелок, изображённых на знаке. Встречное движение по траектории «В» запрещено. Поворот направо по траектории «А» запрещает знак <a href=""https://www.drom.ru/pdd/pdd/sign_3_18_1/"" target=""_blank"">3.18.1</a> «Поворот направо запрещён». Можете из указанных направлений продолжить движение только по траектории «Б».
(«Дорожные знаки»)        "
"Разрешается ли Вам поставить автомобиль на стоянку в указанном месте?<br><img src=""https://s.drom.ru/i24228/pdd/tickets/2016/1543885475.jpg""><br><ol><li>Разрешается</li><li>Разрешается, если Вы обслуживаете предприятие, находящееся в обозначенной зоне</li><li>Запрещается</li></ol>"	"<b>Правильный ответ: 3. Запрещается</b><hr>
<b>Правильный ответ: 3</b>
<br/>
            Табличка <a href=""https://www.drom.ru/pdd/pdd/sign_8_2_2/"" target=""_blank"">8.2.2</a> «Зона действия» указывает, что зона действия знака <a href=""https://www.drom.ru/pdd/pdd/sign_3_28/"" target=""_blank"">3.28</a> «Стоянка запрещена» имеет протяжённость 50 м от знака. Вы явно нарушите правила, если поставите автомобиль на стоянку в данном месте, если расстояние от знака до автомобиля будет менее 50 м. Хотя «на глазок» и на рисунке, и в практике такие расстояния точно определить непросто. Запомните правильный ответ – ЗАПРЕЩАЕТСЯ.
(«Дорожные знаки»)        "
"Этот знак указывает:<br><img src=""https://s.drom.ru/i24227/pdd/tickets/2016/1542608449.jpg""><br><ol><li>Расстояние до конца тоннеля</li><li>Расстояние до места аварийной остановки</li><li>Направление движения к аварийному выходу и расстояние до него</li></ol>"	"<b>Правильный ответ: 3. Направление движения к аварийному выходу и расстояние до него</b><hr>
<b>Правильный ответ: 3</b>
<br/>
            В тоннеле применён дорожный знак <a href=""https://www.drom.ru/pdd/pdd/sign_6_21/"" target=""_blank"">6.21.1</a> «Направление движения к аварийному выходу». Он указывает направление движения к аварийному выходу и расстояние до него.
(«Дорожные знаки»)        "
"В каких направлениях Вам можно продолжить движение на грузовом автомобиле?<br><img src=""https://s.drom.ru/i24228/pdd/tickets/2016/1543885443.jpg""><br><ol><li>Только налево и в обратном направлении</li><li>Прямо, налево и в обратном направлении</li><li>В любом направлении</li></ol>"	"<b>Правильный ответ: 2. Прямо, налево и в обратном направлении</b><hr>
<b>Правильный ответ: 2</b>
<br/>
            Знак <a href=""https://www.drom.ru/pdd/pdd/sign_5_13/"" target=""_blank"">5.13.2</a> «Выезд на дорогу с полосой для маршрутных транспортных средств» запрещает поворот направо. Поэтому Вы можете продолжить движение прямо, налево или развернуться для движения в обратном направлении.
(«Дорожные знаки»)        "
"Разрешена ли Вам стоянка в указанном месте?<br><img src=""https://s.drom.ru/i24228/pdd/tickets/2016/1543885426.jpg""><br><ol><li>Разрешена</li><li>Разрешена только с включенной аварийной сигнализацией</li><li>Запрещена</li></ol>"	"<b>Правильный ответ: 3. Запрещена</b><hr>
<b>Правильный ответ: 3</b>
<br/>
            Зона действия знака <a href=""https://www.drom.ru/pdd/pdd/sign_3_27/"" target=""_blank"">3.27</a> «Остановка запрещена» в данной ситуации от места установки до ближайшего перекрёстка. Здесь же разрыв разделительной полосы для разворота. Стоянка в указанном месте запрещена.
(«Дорожные знаки», пункт <a href=""https://www.drom.ru/pdd/pdd/punkt_1_2/#p1_2"" target=""_blank"">1.2</a> ПДД)        "
"Какие из указанных знаков разрешают движение грузовым автомобилям с разрешенной максимальной массой более 3,5 т?<br><img src=""https://s.drom.ru/i24227/pdd/tickets/2016/1542608517.jpg""><br><ol><li>Только А</li><li>А и В</li><li>Все</li></ol>"	"<b>Правильный ответ: 1. Только А</b><hr>
<b>Правильный ответ: 1</b>
<br/>
            Знак «Б» - <a href=""https://www.drom.ru/pdd/pdd/sign_3_1/"" target=""_blank"">3.1</a> «Въезд запрещён» - запрещает въезд всех транспортных средств. От требований знака отступают маршрутные транспортные средства: трамвай, троллейбус, автобус. 
Знак «В» - <a href=""https://www.drom.ru/pdd/pdd/sign_3_4/"" target=""_blank"">3.4</a> «Движение грузовых автомобилей запрещено» - при отсутствии цифры на автомобиле знака обозначает, что под знак могут проезжать грузовые автомобили только если их р.м.м. не более 3,5 т. 
Знак «А» - <a href=""https://www.drom.ru/pdd/pdd/sign_5_3/"" target=""_blank"">5.3</a> «Дорога для автомобилей» - обозначающий дорогу, предназначенную только для автомобилей (без ограничений), автобусов и мотоциклов, каких-либо требований к массе и т.п. перечисленных транспортных средств не предъявляет.
Из указанных разрешает движение грузовым автомобилям с р.м.м. более 3,5 т только знак «А».
(«Дорожные знаки»)        "
"В зоне действия этих знаков стоянка запрещена:<br><img src=""https://s.drom.ru/i24228/pdd/tickets/2016/1543885392.jpg""><br><ol><li>Только грузовым автомобилям с разрешенной максимальной массой более 7,5 т</li><li>Грузовым автомобилям с разрешенной максимальной массой более 3,5 т</li><li>Любым грузовым автомобилям</li></ol>"	"<b>Правильный ответ: 2. Грузовым автомобилям с разрешенной максимальной массой более 3,5 т</b><hr>
<b>Правильный ответ: 2</b>
<br/>
            Табличка <a href=""https://www.drom.ru/pdd/pdd/sign_8_4_1/"" target=""_blank"">8.4.1</a> «Вид транспортного средства» распространяет действие знака <a href=""https://www.drom.ru/pdd/pdd/sign_3_28/"" target=""_blank"">3.28</a> «Стоянка запрещена» на грузовые автомобили, в том числе с прицепом, с разрешённой максимальной массой более 3,5 т.
(«Дорожные знаки»)        "
"Какой из указанных знаков запрещает дальнейшее движение всех без исключения транспортных средств?<br><img src=""https://s.drom.ru/i24227/pdd/tickets/2016/1542608579.jpg""><br><ol><li>А</li><li>Б</li><li>В</li></ol>"	"<b>Правильный ответ: 2. Б</b><hr>
<b>Правильный ответ: 2</b>
<br/>
            Знак «Б» - <a href=""https://www.drom.ru/pdd/pdd/sign_3_17_2/"" target=""_blank"">3.17.2</a> «Опасность» запрещает дальнейшее движение всех без исключения транспортных средств. Необходимо понимать, что знак устанавливается в местах, угрожающих жизни и здоровью людей.
(«Дорожные знаки»)        "
"Данный знак запрещает движение:<br><img src=""https://s.drom.ru/i24228/pdd/tickets/2016/1543885358.jpg""><br><ol><li>Всем транспортным средствам, фактическая масса которых более 6 т</li><li>Транспортным средствам, у которых фактическая масса, приходящаяся на какую-либо ось, более 6 т</li><li>Грузовым автомобилям с разрешенной максимальной массой более 6 т</li></ol>"	"<b>Правильный ответ: 2. Транспортным средствам, у которых фактическая масса, приходящаяся на какую-либо ось, более 6 т</b><hr>
<b>Правильный ответ: 2</b>
<br/>
            Знак <a href=""https://www.drom.ru/pdd/pdd/sign_3_12/"" target=""_blank"">3.12</a> «Ограничение массы, приходящейся на ось транспортного средства» запрещает движение транспортных средств, у которых фактическая нагрузка на любую из осей больше указанной на знаке.
(«Дорожные знаки»)        "
"Разрешено ли Вам ставить автомобиль на стоянку в этом месте по четным числам месяца?<br><img src=""https://s.drom.ru/i24228/pdd/tickets/2016/1543885342.jpg""><br><ol><li>Разрешено</li><li>Разрешено только после 21 часа</li><li>Запрещено</li></ol>"	"<b>Правильный ответ: 1. Разрешено</b><hr>
<b>Правильный ответ: 1</b>
<br/>
            Действие запрещающих стоянку знаков начинается от места их установки. Вы же намереваетесь поставить автомобиль на стоянку до знака, т.е. вне его действия. Однозначно разрешено.
(«Дорожные знаки», пункт <a href=""https://www.drom.ru/pdd/pdd/punkt_12_1/#p12_1"" target=""_blank"">12.1</a> ПДД)        "
"Разрешено ли осуществлять посадку (высадку) пассажиров либо загрузку (разгрузку) транспортного средства в зоне действия этого знака?<br><img src=""https://s.drom.ru/i24227/pdd/tickets/2016/1542608656.jpg""><br><ol><li>Разрешено</li><li>Разрешено, если это займет не более 5 минут</li><li>Запрещено</li></ol>"	"<b>Правильный ответ: 1. Разрешено</b><hr>
<b>Правильный ответ: 1</b>
<br/>
            В зоне действия знака <a href=""https://www.drom.ru/pdd/pdd/sign_3_28/"" target=""_blank"">3.28</a> «Стоянка запрещена» разрешается «остановка», включающая все действия, определяемые данным термином.
(Пункт <a href=""https://www.drom.ru/pdd/pdd/punkt_1_2/#p1_2"" target=""_blank"">1.2</a> термин «Остановка», «Дорожные знаки»)        "
"Разрешается ли Вам остановка за знаком?<br><img src=""https://s.drom.ru/i24228/pdd/tickets/2016/1543885310.jpg""><br><ol><li>Разрешается</li><li>Разрешается только для посадки (высадки) пассажира</li><li>Запрещается</li></ol>"	"<b>Правильный ответ: 3. Запрещается</b><hr>
<b>Правильный ответ: 3</b>
<br/>
            Табличка <a href=""https://www.drom.ru/pdd/pdd/sign_8_2_2/"" target=""_blank"">8.2.4</a> «Зона действия», установленная под знаком <a href=""https://www.drom.ru/pdd/pdd/sign_3_27/"" target=""_blank"">3.27</a> «Остановка запрещена», указывает, что зона действия запрещающего знака распространяется и до знака, и после знака.
Поэтому остановка в указанном месте Правилами запрещена.
(«Дорожные знаки»)        "
"Данный знак запрещает движение:<br><img src=""https://s.drom.ru/i24228/pdd/tickets/2016/1543885295.jpg""><br><ol><li>Всем транспортным средствам с прицепами</li><li>Грузовым автомобилям и тракторам с прицепами, а также всем транспортным средствам, осуществляющим буксировку</li><li>Только транспортным средствам, осуществляющим буксировку</li></ol>"	"<b>Правильный ответ: 2. Грузовым автомобилям и тракторам с прицепами, а также всем транспортным средствам, осуществляющим буксировку</b><hr>
<b>Правильный ответ: 2</b>
<br/>
            Знак <a href=""https://www.drom.ru/pdd/pdd/sign_3_7/"" target=""_blank"">3.7</a> «Движение с прицепом запрещено» запрещает движение грузовых автомобилей и тракторов с прицепом любого типа, а также буксировку механических транспортных средств.
(«Дорожные знаки»)        "
"В каком случае из перечисленных при перевозке крупногабаритного груза Вам запрещено продолжить движение в прямом направлении?<br><img src=""https://s.drom.ru/i24228/pdd/tickets/2016/1543885277.jpg""><br><ol><li>Если высота груза 4 м</li><li>Если габаритная высота автомобиля вместе с грузом 4 м</li><li>В обоих случаях</li></ol>"	"<b>Правильный ответ: 1. Если высота груза 4 м</b><hr>
<b>Правильный ответ: 1</b>
<br/>
            Знак <a href=""https://www.drom.ru/pdd/pdd/sign_3_13/"" target=""_blank"">3.13</a> «Ограничение высоты» запрещает движение транспортных средств, габаритная высота которых (с грузом или без него) больше указанной на знаке. Габарит по высоте определяется от проезжей части до
верхней точки груза или ТС. 

В данном вопросе при перевозке груза высотой 4 м, общая высота автомобиля вместе с грузом превысит величину, указанную на знаке.
Если высота автомобиля вместе с грузом равна 4 м (не превышает), то движение не запрещено.
(«Дорожные знаки»)        "
"Эти знаки обязывают соблюдать дистанцию:<br><img src=""https://s.drom.ru/i24227/pdd/tickets/2016/1542608756.jpg""><br><ol><li>Менее 70 м на протяжении 100 м</li><li>Не менее 70 м на протяжении 100 м</li><li>От 70 м до 100 м</li></ol>"	"<b>Правильный ответ: 2. Не менее 70 м на протяжении 100 м</b><hr>
<b>Правильный ответ: 2</b>
<br/>
            Знак <a href=""https://www.drom.ru/pdd/pdd/sign_3_16/"" target=""_blank"">3.16</a> «Ограничение минимальной дистанции» запрещает движение транспортных средств с дистанцией между ними меньше указанной на знаке.
Табличка <a href=""https://www.drom.ru/pdd/pdd/sign_8_2_2/"" target=""_blank"">8.2.1</a> «Зона действия», установленная под знаком, указывает зону действия знака. В данном случае она равна 100 метрам от места установки знака.
(«Дорожные знаки»)        "
"Какие из указанных знаков отменяют все ограничения, введенные ранее запрещающими знаками?<br><img src=""https://s.drom.ru/i24227/pdd/tickets/2016/1542608808.jpg""><br><ol><li>Только В</li><li>А и Б</li><li>В и Г</li><li>Все</li></ol>"	"<b>Правильный ответ: 1. Только В</b><hr>
<b>Правильный ответ: 1</b>
<br/>
            Знак «В» - <a href=""https://www.drom.ru/pdd/pdd/sign_3_31/"" target=""_blank"">3.31</a> «Конец зоны всех ограничений».
(«Дорожные знаки»)        "
"В зоне действия этого знака разрешается использовать звуковой сигнал:<br><img src=""https://s.drom.ru/i24227/pdd/tickets/2016/1542608833.jpg""><br><ol><li>Только для предупреждения об обгоне</li><li>Только для предотвращения дорожно-транспортного происшествия</li><li>В обоих перечисленных случаях</li></ol>"	"<b>Правильный ответ: 2. Только для предотвращения дорожно-транспортного происшествия</b><hr>
<b>Правильный ответ: 2</b>
<br/>
            В зоне действия знака <a href=""https://www.drom.ru/pdd/pdd/sign_3_26/"" target=""_blank"">3.26</a> «Подача звукового сигнала запрещена» подача звукового сигнала недопустима, кроме случаев предупреждения дорожно-транспортного происшествия.
(«Дорожные знаки»)        "
"Данный знак запрещает движение транспортным средствам, которые:<br><img src=""https://s.drom.ru/i24228/pdd/tickets/2016/1543885196.jpg""><br><ol><li>Имеют разрешенную максимальную массу более 7 т</li><li>Имеют фактическую массу более 7 т</li><li>Перевозят грузы массой более 7 т</li></ol>"	"<b>Правильный ответ: 2. Имеют фактическую массу более 7 т</b><hr>
<b>Правильный ответ: 2</b>
<br/>
            Знак <a href=""https://www.drom.ru/pdd/pdd/sign_3_11/"" target=""_blank"">3.11</a> «Ограничение массы» запрещает движение транспортных средств, в том числе и составов, фактическая масса которых больше, чем указано на знаке.
(«Дорожные знаки»)        "
"Можно ли проехать по мосту этому автопоезду, если фактическая масса автомобиля 8 т, а прицепа 5 т?<br><img src=""https://s.drom.ru/i24228/pdd/tickets/2016/1543885180.jpg""><br><ol><li>Можно</li><li>Можно только по разрешению Госавтоинспекции</li><li>Нельзя</li></ol>"	"<b>Правильный ответ: 3. Нельзя</b><hr>
<b>Правильный ответ: 3</b>
<br/>
            Знак <a href=""https://www.drom.ru/pdd/pdd/sign_3_11/"" target=""_blank"">3.11</a> «Ограничение массы» запрещает движение транспортных средств, в том числе и составов, фактическая масса которых больше, чем указано на знаке. Фактическая масса автопоезда 13 т. Водитель должен объехать данный участок дороги по другому маршруту.
(«Дорожные знаки»)        "
"Вам разрешено продолжить движение на грузовом автомобиле с разрешенной максимальной массой 12 т при фактической массе 8 т:<br><img src=""https://s.drom.ru/i24228/pdd/tickets/2016/1543885131.jpg""><br><ol><li>Только в направлении В</li><li>В направлениях А и В</li><li>В направлениях Б и Г</li><li>В любом направлении</li></ol>"	"<b>Правильный ответ: 2. В направлениях А и В</b><hr>
<b>Правильный ответ: 2</b>
<br/>
            Знаки <a href=""https://www.drom.ru/pdd/pdd/sign_3_4/"" target=""_blank"">3.4</a> «Движение грузовых автомобилей запрещено» и <a href=""https://www.drom.ru/pdd/pdd/sign_8_3/"" target=""_blank"">8.3.3</a> «Направление действия» запрещают движение грузовых автомобилей и составов ТС с разрешенной максимальной массой более 10 т по пересекаемой дороге. Вы можете проехать прямо или развернуться. Фактическая масса в данном случае значения не имеет.
(«Дорожные знаки»)        "
"Разрешено ли Вам продолжить движение в прямом направлении на грузовом автомобиле с прицепом?<br><img src=""https://s.drom.ru/i24228/pdd/tickets/2016/1543885116.jpg""><br><ol><li>Разрешено</li><li>Разрешено, если Вы обслуживаете предприятие, расположенное в обозначенной знаком зоне</li><li>Запрещено</li></ol>"	"<b>Правильный ответ: 2. Разрешено, если Вы обслуживаете предприятие, расположенное в обозначенной знаком зоне</b><hr>
<b>Правильный ответ: 2</b>
<br/>
            От действия знака <a href=""https://www.drom.ru/pdd/pdd/sign_3_7/"" target=""_blank"">3.7</a> «Движение с прицепом запрещено» отступают те, кто проживает, работает или обслуживает предприятия, находящиеся в зоне действия знака.
(«Дорожные знаки»)        "
"Действие данных знаков распространяется:<br><img src=""https://s.drom.ru/i24227/pdd/tickets/2016/1542608993.jpg""><br><ol><li>Только на грузовые автомобили с разрешенной максимальной массой более 3,5 т</li><li>На все грузовые автомобили</li><li>На все грузовые автомобили и автобусы</li></ol>"	"<b>Правильный ответ: 1. Только на грузовые автомобили с разрешенной максимальной массой более 3,5 т</b><hr>
<b>Правильный ответ: 1</b>
<br/>
            Табличка <a href=""https://www.drom.ru/pdd/pdd/sign_8_4_1/"" target=""_blank"">8.4.1</a> «Вид транспортного средства» распространяет действие знака на грузовые автомобили, в том числе с прицепом, с разрешённой максимальной массой более 3,5 т.
(«Дорожные знаки»)        "
"Этот знак запрещает движение транспортных средств:<br><img src=""https://s.drom.ru/i24228/pdd/tickets/2016/1543885085.jpg""><br><ol><li>Разрешенная максимальная масса которых более 6 т</li><li>Фактическая масса которых более 6 т</li><li>Фактическая масса которых, приходящаяся на какую либо ось, более 6 т</li></ol>"	"<b>Правильный ответ: 3. Фактическая масса которых, приходящаяся на какую либо ось, более 6 т</b><hr>
<b>Правильный ответ: 3</b>
<br/>
            Знак <a href=""https://www.drom.ru/pdd/pdd/sign_3_12/"" target=""_blank"">3.12</a> «Ограничение массы, приходящейся на ось транспортного средства» запрещает движение транспортных средств, у которых нагрузка (фактическая) на любую из осей больше указанной на знаке.
(«Дорожные знаки»)        "
"Какие из указанных знаков разрешают движение со скоростью 60 км/ч?<br><img src=""https://s.drom.ru/i24227/pdd/tickets/2016/1542609044.jpg""><br><ol><li>Только Б</li><li>Б и В</li><li>Все</li></ol>"	"<b>Правильный ответ: 2. Б и В</b><hr>
<b>Правильный ответ: 2</b>
<br/>
            Знаки: «Б» - <a href=""https://www.drom.ru/pdd/pdd/sign_4_6/"" target=""_blank"">4.6</a> «Ограничение минимальной скорости», «В» - <a href=""https://www.drom.ru/pdd/pdd/sign_6_2/"" target=""_blank"">6.2</a> «Рекомендуемая скорость».
(«Дорожные знаки»)        "
"Разрешено ли Вам выполнить обгон, если Вы управляете автобусом?<br><img src=""https://s.drom.ru/i24228/pdd/tickets/2016/1543885023.jpg""><br><ol><li>Разрешено</li><li>Разрешено, если скорость обгоняемого грузового автомобиля менее 30 км/ч</li><li>Запрещено</li></ol>"	"<b>Правильный ответ: 1. Разрешено</b><hr>
<b>Правильный ответ: 1</b>
<br/>
            Знак <a href=""https://www.drom.ru/pdd/pdd/sign_3_22/"" target=""_blank"">3.22</a> «Обгон грузовым автомобилям запрещен» распространяет свое действие только на грузовые автомобили с р.м.м. более 3,5 т. На автобусы действие данного знака не распространяется.
(«Дорожные знаки»)        "
"Какие из указанных знаков разрешают разворот?<br><img src=""https://s.drom.ru/i24227/pdd/tickets/2016/1542609168.jpg""><br><ol><li>Только А</li><li>А и В</li><li>Все</li></ol>"	"<b>Правильный ответ: 3. Все</b><hr>
<b>Правильный ответ: 3</b>
<br/>
            Предписывающие знаки, к которым относится знак А - <a href=""https://www.drom.ru/pdd/pdd/sign_4_1_3/"" target=""_blank"">4.1.3</a> «Движение налево», разрешающие поворот налево, разрешают и разворот. Знак В - <a href=""https://www.drom.ru/pdd/pdd/sign_5_7/"" target=""_blank"">5.7.2</a> «Выезд на дорогу с односторонним движением» запрещает поворот направо, но не запрещает производить разворот. Чаще всего и водители, и сотрудники ГИБДД или забывают, или не знают, что знак Б - <a href=""https://www.drom.ru/pdd/pdd/sign_3_18_2/"" target=""_blank"">3.18.2</a> «Поворот налево запрещён» не запрещает производить разворот. Поэтому все три данных знака разрешают производить маневр - разворот.
(«Дорожные знаки»)        "
"Каким транспортным средствам разрешается продолжить движение только направо?<br><img src=""https://s.drom.ru/i24228/pdd/tickets/2016/1543885627.jpg""><br><ol><li>Только транспортным средствам, перевозящим груз массой более 10 т</li><li>Только транспортным средствам с фактической массой более 10 т</li><li>Транспортным средствам с разрешенной максимальной массой более 10 т</li></ol>"	"<b>Правильный ответ: 3. Транспортным средствам с разрешенной максимальной массой более 10 т</b><hr>
<b>Правильный ответ: 3</b>
<br/>
            Табличка <a href=""https://www.drom.ru/pdd/pdd/sign_8_11/"" target=""_blank"">8.11</a> «Ограничение разрешённой максимальной массы» под знаком указывает, что действие знака <a href=""https://www.drom.ru/pdd/pdd/sign_4_1_2/"" target=""_blank"">4.1.2</a> «Движение направо» распространяется только на транспортные средства с р.м.м. более 10 т.
(«Дорожные знаки»)        "
"Что запрещено в зоне действия этого знака?<br><img src=""https://s.drom.ru/i24227/pdd/tickets/2016/1542608239.jpg""><br><ol><li>Движение любых транспортных средств</li><li>Движение всех транспортных средств со скоростью не более 20 км/ч</li><li>Движение механических транспортных средств</li></ol>"	"<b>Правильный ответ: 3. Движение механических транспортных средств</b><hr>
<b>Правильный ответ: 3</b>
<br/>
            Знак <a href=""https://www.drom.ru/pdd/pdd/sign_5_33"" target=""_blank"">5.33</a> «Пешеходная зона» обозначает место, с которого начинается территория (участок дороги), на которой разрешено движение только пешеходов и приравненных к ним лиц (это передвигающиеся в инвалидных колясках без двигателя, ведущие велосипед, мопед, мотоцикл, везущие санки, тележку, детскую и инвалидную коляску), а также велосипедистов и лиц, использующих для передвижения СИМ, в случаях, установленных в пунктах <a href=""https://www.drom.ru/pdd/pdd/punkt_24_2/#p24_2"" target=""_blank"">24.2</a>, <a href=""https://www.drom.ru/pdd/pdd/punkt_24_3/#p24_3"" target=""_blank"">24.3</a>, <a href=""https://www.drom.ru/pdd/pdd/punkt_24_4/#p24_4"" target=""_blank"">24.4</a> и <a href=""https://www.drom.ru/pdd/pdd/punkt_24_4/#p24_6"" target=""_blank"">24.6</a> ПДД. Въезд в обозначенную зону и, соответственно, движение в ней любых механических транспортных средств запрещено.
(«Дорожные знаки», термин «Пешеход» п. <a href=""https://www.drom.ru/pdd/pdd/punkt_1_2/#p1_2"" target=""_blank"">1.2</a> ПДД).        "
"Какой из указанных знаков устанавливается в начале дороги с односторонним движением?<br><img src=""https://s.drom.ru/i24227/pdd/tickets/2016/1542608264.jpg""><br><ol><li>Только А</li><li>Только Б</li><li>Б или Г</li><li>Б или В</li></ol>"	"<b>Правильный ответ: 2. Только Б</b><hr>
<b>Правильный ответ: 2</b>
<br/>
            Знак «Б» - <a href=""https://www.drom.ru/pdd/pdd/sign_5_5/"" target=""_blank"">5.5</a> «Дорога с односторонним движением». 
(«Дорожные знаки»)        "
"Нарушил ли водитель грузового автомобиля правила стоянки?<br><img src=""https://s.drom.ru/i24227/pdd/tickets/2016/1542608308.jpg""><br><ol><li>Нарушил</li><li>Нарушил, если разрешенная максимальная масса автомобиля более 3,5 т</li><li>Не нарушил</li></ol>"	"<b>Правильный ответ: 1. Нарушил</b><hr>
<b>Правильный ответ: 1</b>
<br/>
            На околотротуарную стоянку, обозначенную знаками <a href=""https://www.drom.ru/pdd/pdd/sign_6_4/"" target=""_blank"">6.4</a> «Парковка (парковочное место)» и <a href=""https://www.drom.ru/pdd/pdd/sign_8_6/#s8_6_4"" target=""_blank"">8.6.4</a> «Способ постановки транспортного средства на стоянку» можно поставить указанным способом только легковой автомобиль или мотоцикл. Грузовым автомобилям, независимо от их р.м.м. стоянка в данном месте не допускается. Данный водитель нарушил Правила. Не путайте табл. <a href=""https://www.drom.ru/pdd/pdd/sign_8_6/#s8_6_4"" target=""_blank"">8.6.4</a> «Способ постановки ТС на стоянку» с табл. <a href=""https://www.drom.ru/pdd/pdd/sign_8_4_1/#s8_4_3"" target=""_blank"">8.4.3</a> «Вид транспортного средства», иначе допустите ошибку. 
(«Дорожные знаки»)        "
"Что обозначают эти дорожные знаки?<br><img src=""https://s.drom.ru/i24227/pdd/tickets/2016/1542608332.jpg""><br><ol><li>Парковочное место только для автобусов</li><li>Парковочное место для автобусов и троллейбусов</li><li>Парковочное место, где возможна пересадка на маршрутное транспортное средство (автобус или троллейбус)</li></ol>"	"<b>Правильный ответ: 3. Парковочное место, где возможна пересадка на маршрутное транспортное средство (автобус или троллейбус)</b><hr>
<b>Правильный ответ: 3</b>
<br/>
            Знак <a href=""https://www.drom.ru/pdd/pdd/sign_6_4/"" target=""_blank"">6.4</a> «Парковка (парковочное место)» применён с табличкой <a href=""https://www.drom.ru/pdd/pdd/sign_8_21/"" target=""_blank"">8.21.2</a> «Вид маршрутного транспортного средства». Такое сочетание знаков показывает, что с этого места для дальнейшего движения можно воспользоваться маршрутными транспортными средствами - автобусом или троллейбусом, а свой автомобиль можно оставить на оборудованной стоянке. 
(«Дорожные знаки»)        "
"Действие каких знаков из указанных распространяется только до ближайшего по ходу движения перекрестка?<br><img src=""https://s.drom.ru/i24227/pdd/tickets/2016/1542608356.jpg""><br><ol><li>А и В</li><li>Б и Г</li><li>В и Г</li></ol>"	"<b>Правильный ответ: 2. Б и Г</b><hr>
<b>Правильный ответ: 2</b>
<br/>
            Действие знаков: Б - <a href=""https://www.drom.ru/pdd/pdd/sign_3_24/"" target=""_blank"">3.24</a> «Ограничение максимальной скорости» и Г - <a href=""https://www.drom.ru/pdd/pdd/sign_3_28/"" target=""_blank"">3.28</a> «Стоянка запрещена» распространяется до ближайшего перекрёстка за ним, а в населённых пунктах при отсутствии перекрёстка - до конца населенного пункта. Действие же знаков: А - <a href=""https://www.drom.ru/pdd/pdd/sign_5_31/"" target=""_blank"">5.31</a> «Зона с ограничением максимальной скорости» и В - <a href=""https://www.drom.ru/pdd/pdd/sign_5_27/"" target=""_blank"">5.27</a> «Зона с ограничением стоянки» отменяется соответствующими только им знаками <a href=""https://www.drom.ru/pdd/pdd/sign_5_32/"" target=""_blank"">5.32</a> «Конец зоны с ограничением максимальной скорости» и <a href=""https://www.drom.ru/pdd/pdd/sign_5_28/"" target=""_blank"">5.28</a> «Конец зоны с ограничением стоянки».
(«Дорожные знаки»)        "
"Можно ли Вам повернуть направо на этом перекрестке?<br><img src=""https://s.drom.ru/i24228/pdd/tickets/2016/1543885507.jpg""><br><ol><li>Можно</li><li>Можно, если Вы управляете транспортным средством, которое обслуживает предприятие, расположенное справа от перекрестка</li><li>Нельзя</li></ol>"	"<b>Правильный ответ: 1. Можно</b><hr>
<b>Правильный ответ: 1</b>
<br/>
            Знак <a href=""https://www.drom.ru/pdd/pdd/sign_6_8_2/"" target=""_blank"">6.8.2</a> «Тупик» указывает, что примыкающая дорога не имеет сквозного проезда. Каких-либо ограничений он не вводит. Повернуть направо Вам можно.
(«Дорожные знаки»)        "
"Управляя каким автомобилем Вы обязаны выполнить требования данного знака?<br><img src=""https://s.drom.ru/i24228/pdd/tickets/2016/1543885491.jpg""><br><ol><li>Любым грузовым автомобилем</li><li>Грузовым автомобилем с разрешенной максимальной массой более 3,5 т</li><li>Грузовым автомобилем, на котором установлен опознавательный знак «Опасный груз»</li></ol>"	"<b>Правильный ответ: 3. Грузовым автомобилем, на котором установлен опознавательный знак «Опасный груз»</b><hr>
<b>Правильный ответ: 3</b>
<br/>
            Знак <a href=""https://www.drom.ru/pdd/pdd/sign_4_8/"" target=""_blank"">4.8.2</a> «Направление движения транспортных средств с опасными грузами» указывает обязательное направление движения транспортным средствам, оборудованным опознавательным знаком «Опасный груз».
(«Дорожные знаки»)        "
"Вы управляете грузовым автомобилем с разрешенной максимальной массой более 3,5 т. В каком направлении Вам разрешено дальнейшее движение?<br><img src=""https://s.drom.ru/i24228/pdd/tickets/2016/1543885474.jpg""><br><ol><li>Только направо</li><li>Направо, налево и в обратном направлении</li><li>В любом</li></ol>"	"<b>Правильный ответ: 2. Направо, налево и в обратном направлении</b><hr>
<b>Правильный ответ: 2</b>
<br/>
            Знак <a href=""https://www.drom.ru/pdd/pdd/sign_3_4/"" target=""_blank"">3.4</a> «Движение грузовых автомобилей запрещено» распространяют своё действие только на грузовые автомобили с разрешённой максимальной массой более 3,5 т. Ваш автомобиль относится к такому классу. Знак <a href=""https://www.drom.ru/pdd/pdd/sign_6_15_2/"" target=""_blank"">6.15.2</a> «Направление движение для грузовых автомобилей» является рекомендательным, т. е. необязательным. Поэтому можете на перекрестке повернуть направо, налево или развернуться и продолжить движение в обратном направлении.
(«Дорожные знаки»)        "
"До какого места действует требование данного знака?<br><img src=""https://s.drom.ru/i24227/pdd/tickets/2016/1542608451.jpg""><br><ol><li>До ближайшего по ходу движения перекрестка</li><li>До места установки знака «Конец зоны с ограничением максимальной скорости»</li><li>До конца населенного пункта</li></ol>"	"<b>Правильный ответ: 2. До места установки знака «Конец зоны с ограничением максимальной скорости»</b><hr>
<b>Правильный ответ: 2</b>
<br/>
            Действие знака <a href=""https://www.drom.ru/pdd/pdd/sign_5_31/"" target=""_blank"">5.31</a> «Зона с ограничением максимальной скорости» отменяется только знаком <a href=""https://www.drom.ru/pdd/pdd/sign_5_32/"" target=""_blank"">5.32</a> «Конец зоны с ограничением максимальной скорости».
(«Дорожные знаки»)        "
"Каким транспортным средствам запрещена стоянка в выходные и праздничные дни?<br><img src=""https://s.drom.ru/i24228/pdd/tickets/2016/1543885442.jpg""><br><ol><li>Только грузовым автомобилям с разрешенной максимальной массой более 3,5 т</li><li>Всем грузовым автомобилям</li><li>Всем транспортным средствам</li></ol>"	"<b>Правильный ответ: 1. Только грузовым автомобилям с разрешенной максимальной массой более 3,5 т</b><hr>
<b>Правильный ответ: 1</b>
<br/>
            Табличка <a href=""https://www.drom.ru/pdd/pdd/sign_8_5_1/"" target=""_blank"">8.5.1</a> «Субботние, воскресные и праздничные дни», установленная под знаком <a href=""https://www.drom.ru/pdd/pdd/sign_5_27/"" target=""_blank"">5.27</a> «Зона с ограничением стоянки» с изображением грузового автомобиля, который указывает, что действие знака распространяется на грузовые автомобили, в т.ч. и с прицепом, р.м.м. которого более 3,5 т.
(«Дорожные знаки»)        "
"Эта табличка распространяет действие установленного с ней знака:<br><img src=""https://s.drom.ru/i24228/pdd/tickets/2016/1543885424.jpg""><br><ol><li>Только на грузовые автомобили с разрешенной максимальной массой более 3,5 т</li><li>На все грузовые автомобили</li><li>На все транспортные средства, кроме легковых автомобилей</li></ol>"	"<b>Правильный ответ: 1. Только на грузовые автомобили с разрешенной максимальной массой более 3,5 т</b><hr>
<b>Правильный ответ: 1</b>
<br/>
            Табличка <a href=""https://www.drom.ru/pdd/pdd/sign_8_4_1/"" target=""_blank"">8.4.1</a> «Вид транспортного средства» распространяет действие знака на грузовые автомобили, в том числе и с прицепом, с р.м.м. более 3,5 т.
(«Дорожные знаки»)        "
"Вам можно продолжить движение по крайней левой полосе на автобусе:<br><img src=""https://s.drom.ru/i24228/pdd/tickets/2016/1543885408.jpg""><br><ol><li>Только налево</li><li>Налево или в обратном направлении</li><li>Прямо, налево или в обратном направлении</li></ol>"	"<b>Правильный ответ: 3. Прямо, налево или в обратном направлении</b><hr>
<b>Правильный ответ: 3</b>
<br/>
            При наличии знаков, организующих направление движения по полосам или по полосе, как в данной ситуации, знаки, разрешающие поворот налево из крайней левой полосы, разрешают и разворот с этой полосы. Поэтому Вы можете продолжить движение прямо, налево или развернуться, для продолжения движения в обратном направлении.
(«Дорожные знаки» <a href=""https://www.drom.ru/pdd/pdd/sign_5_15_2/"" target=""_blank"">5.15.2</a>)        "
"Какие из указанных табличек указывают протяженность зоны действия знаков, с которыми они применяются?<br><img src=""https://s.drom.ru/i24227/pdd/tickets/2016/1542608548.jpg""><br><ol><li>Только А</li><li>Только Б</li><li>Б и В</li></ol>"	"<b>Правильный ответ: 3. Б и В</b><hr>
<b>Правильный ответ: 3</b>
<br/>
            Таблички <a href=""https://www.drom.ru/pdd/pdd/sign_8_2_2/"" target=""_blank"">8.2.1</a>, <a href=""https://www.drom.ru/pdd/pdd/sign_8_2_2/"" target=""_blank"">8.2.2</a> «Зона действия», обозначенные «Б» и «В», указывают зону действия запрещающих знаков.
Табличка «А» <a href=""https://www.drom.ru/pdd/pdd/sign_8_1_1/"" target=""_blank"">8.1.1</a> «Расстояние до объекта» указывает точное расстояние от знака до начала опасного участка, места введения какого-либо ограничения или определённого объекта, находящегося впереди по ходу движения.
(«Дорожные знаки»)        "
"О чем информируют эти знаки?<br><img src=""https://s.drom.ru/i24227/pdd/tickets/2016/1542608580.jpg""><br><ol><li>Разрешенная скорость не более 40 км/ч при влажном покрытии</li><li>Рекомендуемая скорость 40 км/ч при влажном покрытии</li><li>Рекомендуемая скорость не более 40 км/ч только во время дождя</li></ol>"	"<b>Правильный ответ: 2. Рекомендуемая скорость 40 км/ч при влажном покрытии</b><hr>
<b>Правильный ответ: 2</b>
<br/>
            Табличка <a href=""https://www.drom.ru/pdd/pdd/sign_8_16/"" target=""_blank"">8.16</a> «Влажное покрытие» указывает, что действие знака <a href=""https://www.drom.ru/pdd/pdd/sign_6_2/"" target=""_blank"">6.2</a> «Рекомендуемая скорость» распространяется на период времени, когда покрытие проезжей части влажное. В данном случае действие распространяется до ближайшего перекрёстка.
(«Дорожные знаки»)        "
"Вам разрешено продолжить движение:<br><img src=""https://s.drom.ru/i24228/pdd/tickets/2016/1543885357.jpg""><br><ol><li>По траекториям Б или В</li><li>По траекториям А или В</li><li>По любой траектории из указанных</li></ol>"	"<b>Правильный ответ: 2. По траекториям А или В</b><hr>
<b>Правильный ответ: 2</b>
<br/>
            Знак <a href=""https://www.drom.ru/pdd/pdd/sign_6_3_1/"" target=""_blank"">6.3.1</a> «Место для разворота» запрещает поворот налево для всех видов транспортных средств. Из указанных направлений нельзя продолжать движение по траектории «Б». Вам разрешено движение по траектории «А» или «В».
(«Дорожные знаки»)        "
"Какие из указанных знаков информируют о том, что на данной дороге действуют требования Правил, устанавливающие порядок движения в населенных пунктах?<br><img src=""https://s.drom.ru/i24227/pdd/tickets/2016/1542608632.jpg""><br><ol><li>Только А</li><li>А и Б</li><li>Все</li></ol>"	"<b>Правильный ответ: 2. А и Б</b><hr>
<b>Правильный ответ: 2</b>
<br/>
            Знаки «А» и «Б» - <a href=""https://www.drom.ru/pdd/pdd/sign_5_23/"" target=""_blank"">5.23.1</a> и <a href=""https://www.drom.ru/pdd/pdd/sign_5_23/"" target=""_blank"">5.23.2</a> «Начало населённого пункта» (с белым фоном).
(«Дорожные знаки»)        "
"Какие из указанных знаков разрешают выполнить разворот?<br><img src=""https://s.drom.ru/i24227/pdd/tickets/2016/1542608658.jpg""><br><ol><li>Только А</li><li>Б и В</li><li>Все</li></ol>"	"<b>Правильный ответ: 3. Все</b><hr>
<b>Правильный ответ: 3</b>
<br/>
            Все из обозначенных знаков разрешают выполнить разворот на перекрёстках, перед которыми они установлены.
Знак «А» - <a href=""https://www.drom.ru/pdd/pdd/sign_3_18_2/"" target=""_blank"">3.18.2</a>. «Поворот налево запрещен».
Знак «Б» - <a href=""https://www.drom.ru/pdd/pdd/sign_5_7/"" target=""_blank"">5.7.2</a>. «Выезд на дорогу с односторонним движением».
Знак «В» - <a href=""https://www.drom.ru/pdd/pdd/sign_5_13/"" target=""_blank"">5.13.2</a>. «Выезд на дорогу с полосой для маршрутных транспортных средств».
(«Дорожные знаки»)        "
"Какие из указанных знаков запрещают дальнейшее движение без остановки?<br><img src=""https://s.drom.ru/i24227/pdd/tickets/2016/1542608680.jpg""><br><ol><li>А и Г</li><li>Б и В</li><li>В и Г</li><li>Все</li></ol>"	"<b>Правильный ответ: 2. Б и В</b><hr>
<b>Правильный ответ: 2</b>
<br/>
            Проезд без остановки запрещают: знак «Б» - <a href=""https://www.drom.ru/pdd/pdd/sign_3_17_1/"" target=""_blank"">3.17.1</a> «Таможня» и знак «В» - <a href=""https://www.drom.ru/pdd/pdd/sign_3_17_3/"" target=""_blank"">3.17.3</a> «Контроль».
(«Дорожные знаки»)        "
"Какой из указанных знаков информирует о начале дороги с реверсивным движением?<br><img src=""https://s.drom.ru/i24227/pdd/tickets/2016/1542608706.jpg""><br><ol><li>А</li><li>Б</li><li>В</li></ol>"	"<b>Правильный ответ: 3. В</b><hr>
<b>Правильный ответ: 3</b>
<br/>
            Знак «В» - <a href=""https://www.drom.ru/pdd/pdd/sign_5_8/"" target=""_blank"">5.8</a> «Реверсивное движение».
(«Дорожные знаки»)        "
"Что означают эти дорожные знаки?<br><img src=""https://s.drom.ru/i24227/pdd/tickets/2016/1542608735.jpg""><br><ol><li>Стоянка разрешена транспортным средствам оперативных служб</li><li>Стоянка разрешена только с включенными габаритными огнями</li><li>Стоянка разрешена в субботние, воскресные и праздничные дни</li></ol>"	"<b>Правильный ответ: 3. Стоянка разрешена в субботние, воскресные и праздничные дни</b><hr>
<b>Правильный ответ: 3</b>
<br/>
            Табличка <a href=""https://www.drom.ru/pdd/pdd/sign_8_5_1/"" target=""_blank"">8.5.1</a> «Субботние, воскресные и праздничные дни» указывает, что знак, с которым она применяется, действует только в вышеперечисленные дни.
(«Дорожные знаки»)        "
"В каких направлениях Вам разрешено продолжить движение?<br><img src=""https://s.drom.ru/i24228/pdd/tickets/2016/1543885261.jpg""><br><ol><li>Только прямо</li><li>Прямо или налево</li><li>Прямо, налево или в обратном направлении</li></ol>"	"<b>Правильный ответ: 2. Прямо или налево</b><hr>
<b>Правильный ответ: 2</b>
<br/>
            Со средней полосы, над которой расположен знак <a href=""https://www.drom.ru/pdd/pdd/sign_5_15_2/"" target=""_blank"">5.15.2</a> «Направления движения по полосе», разрешается движение прямо и поворот налево. Разворот был бы разрешён в случае расположения ТС на крайней левой полосе.
(«Дорожные знаки»)        "
"Какие из указанных знаков обязывают водителя грузового автомобиля с разрешенной максимальной массой более 3,5 т повернуть направо?<br><img src=""https://s.drom.ru/i24227/pdd/tickets/2016/1542608784.jpg""><br><ol><li>Только А</li><li>Только Б</li><li>А и Б</li><li>Б и В</li></ol>"	"<b>Правильный ответ: 2. Только Б</b><hr>
<b>Правильный ответ: 2</b>
<br/>
            Только требования предписывающего знака «Б» - <a href=""https://www.drom.ru/pdd/pdd/sign_4_1_2/"" target=""_blank"">4.1.2</a> «Движение направо» - из обозначенных обязательны для всех транспортных средств. От его действий могут отступать маршрутные транспортные средства: трамвай, троллейбус, автобус.
Действие знака «А» - <a href=""https://www.drom.ru/pdd/pdd/sign_5_7/"" target=""_blank"">5.7.1</a> «Выезд на дорогу с односторонним движением» - не запрещает пересечение данной дороги любым транспортным средством.
Знак «В» - <a href=""https://www.drom.ru/pdd/pdd/sign_6_15_2/"" target=""_blank"">6.15.2</a> «Направление движения для грузовых автомобилей» - является рекомендательным для грузовых автомобилей, тракторов, самоходных машин, если на перекрёстке их движение в одном из направлений запрещено.
(«Дорожные знаки»)        "
"Этот знак указывает, что:<br><img src=""https://s.drom.ru/i24228/pdd/tickets/2016/1543885226.jpg""><br><ol><li>Вы должны повернуть направо или налево</li><li>На пересекаемой дороге организовано реверсивное движение</li><li>Вправо и влево от перекрестка организовано одностороннее движение</li></ol>"	"<b>Правильный ответ: 2. На пересекаемой дороге организовано реверсивное движение</b><hr>
<b>Правильный ответ: 2</b>
<br/>
            Перед Вами перекрёсток, по пересекаемой дороге которого организовано реверсивное движение, о чём информирует знак <a href=""https://www.drom.ru/pdd/pdd/sign_5_10/"" target=""_blank"">5.10</a> «Выезд на дорогу с реверсивным движением».
(«Дорожные знаки»)        "
Где начинают действовать требования Правил, относящиеся к населенным пунктам?<br><br><ol><li>Только с места установки дорожного знака «Начало населенного пункта» на белом фоне</li><li>С места установки дорожного знака с названием населенного пункта на белом или синем фоне</li><li>В начале застроенной территории, непосредственно прилегающей к дороге</li></ol>	"<b>Правильный ответ: 1. Только с места установки дорожного знака «Начало населенного пункта» на белом фоне</b><hr>
<b>Правильный ответ: 1</b>
<br/>
            Только с места установки знака <a href=""https://www.drom.ru/pdd/pdd/sign_5_23/"" target=""_blank"">5.23.1</a> или <a href=""https://www.drom.ru/pdd/pdd/sign_5_23/"" target=""_blank"">5.23.2</a> «Начало населённого пункта» на белом фоне.
(«Дорожные знаки»)        "
"Управляя каким транспортным средством можно опередить легковой автомобиль?<br><img src=""https://s.drom.ru/i24227/pdd/tickets/2016/1542608855.jpg""><br><ol><li>Только грузовым автомобилем с разрешенной максимальной массой не более 3,5 т</li><li>Только автобусом</li><li>Любым из перечисленных транспортных средств</li></ol>"	"<b>Правильный ответ: 3. Любым из перечисленных транспортных средств</b><hr>
<b>Правильный ответ: 3</b>
<br/>
            На знаке <a href=""https://www.drom.ru/pdd/pdd/sign_5_15_7/"" target=""_blank"">5.15.7</a> «Направление движения по полосам» изображён знак <a href=""https://www.drom.ru/pdd/pdd/sign_3_4/"" target=""_blank"">3.4</a> «Движение грузовых автомобилей запрещено» без цифры на автомобиле. Этот знак в таком случае запрещает движение грузовых автомобилей с разрешённой максимальной массой более 3,5 т по левой полосе по ходу Вашего движения.
(«Дорожные знаки»)        "
"Какие из указанных знаков используются для обозначения номера, присвоенного дороге (маршруту)?<br><img src=""https://s.drom.ru/i24227/pdd/tickets/2016/1542608879.jpg""><br><ol><li>Только А</li><li>Только Б</li><li>А и Б</li><li>Все</li></ol>"	"<b>Правильный ответ: 3. А и Б</b><hr>
<b>Правильный ответ: 3</b>
<br/>
            Знаки «А» и «Б» имеют общий номер и наименование: <a href=""https://www.drom.ru/pdd/pdd/sign_6_14_1/"" target=""_blank"">6.14.1</a> «Номер маршрута». Знак «В» - <a href=""https://www.drom.ru/pdd/pdd/sign_6_13/"" target=""_blank"">6.13</a> «Километровый знак» - обозначает расстояние до начала или конца дороги (км).
(«Дорожные знаки»)        "
"Какие из указанных знаков обозначают участки, на которых водитель обязан уступать дорогу пешеходам, находящимся на проезжей части?<br><img src=""https://s.drom.ru/i24227/pdd/tickets/2016/1542608928.jpg""><br><ol><li>Только Б</li><li>Б и В</li><li>Все</li></ol>"	"<b>Правильный ответ: 2. Б и В</b><hr>
<b>Правильный ответ: 2</b>
<br/>
            Знаки: «Б» - <a href=""https://www.drom.ru/pdd/pdd/sign_5_19/"" target=""_blank"">5.19.2</a> «Пешеходный переход», «В» - <a href=""https://www.drom.ru/pdd/pdd/sign_5_21/"" target=""_blank"">5.21</a> «Жилая зона» предоставляют преимущество пешеходам на проезжей части на обозначенных ими участках дорог, территориях. 
Предупреждающий знак «А» - <a href=""https://www.drom.ru/pdd/pdd/sign_1_22/"" target=""_blank"">1.22</a> «Пешеходный переход» предупреждает о приближении к пешеходному переходу, обозначенному знаками <a href=""https://www.drom.ru/pdd/pdd/sign_5_19/"" target=""_blank"">5.19.1</a>, <a href=""https://www.drom.ru/pdd/pdd/sign_5_19/"" target=""_blank"">5.19.2</a> и (или) разметкой <a href=""https://www.drom.ru/pdd/pdd/mark_1_14/"" target=""_blank"">1.14.1</a> и <a href=""https://www.drom.ru/pdd/pdd/mark_1_14/"" target=""_blank"">1.14.2</a>. Устанавливается в Н.П. за 50-100 м, вне Н.П. за 150-300 м.
(«Дорожные знаки»)        "
"О чем информирует Вас данный дорожный знак с желтым фоном?<br><img src=""https://s.drom.ru/i24228/pdd/tickets/2016/1543885130.jpg""><br><ol><li>Дальнейшее движение возможно только по второй полосе</li><li>Дальнейшее движение возможно только по проезжей части встречного направления</li><li>Дальнейшее движение возможно только по другой дороге</li></ol>"	"<b>Правильный ответ: 2. Дальнейшее движение возможно только по проезжей части встречного направления</b><hr>
<b>Правильный ответ: 2</b>
<br/>
            Знак <a href=""https://www.drom.ru/pdd/pdd/sign_6_19_1/"" target=""_blank"">6.19.1</a> «Предварительный указатель перестроения на другую проезжую часть» указывает направление объезда, закрытого для движения участка проезжей части на дороге с разделительной полосой. Жёлтый фон знака обозначает, что объезд временный.
(«Дорожные знаки»)        "
"Вам разрешается движение:<br><img src=""https://s.drom.ru/i24228/pdd/tickets/2016/1543885115.jpg""><br><ol><li>Только в направлении Б</li><li>В направлениях А и Б</li><li>В направлениях Б и В</li><li>В любом направлении из указанных</li></ol>"	"<b>Правильный ответ: 4. В любом направлении из указанных</b><hr>
<b>Правильный ответ: 4</b>
<br/>
            Знак <a href=""https://www.drom.ru/pdd/pdd/sign_5_7/"" target=""_blank"">5.7.2</a> «Выезд на дорогу с односторонним движением» запрещает поворот направо, т.е. встречное движение. Разрешённые направления движения на таком пересечении - прямо, налево (в направлении стрелки на знаке) и разворот. Можете продолжить движение в любом направлении из указанных. 
(«Дорожные знаки»)        "
"Какой из знаков указывает протяженность зоны для разворота?<br><img src=""https://s.drom.ru/i24227/pdd/tickets/2016/1542608995.jpg""><br><ol><li>Только А</li><li>Только Б</li><li>А и Б</li></ol>"	"<b>Правильный ответ: 2. Только Б</b><hr>
<b>Правильный ответ: 2</b>
<br/>
            Знак «Б» - <a href=""https://www.drom.ru/pdd/pdd/sign_6_3_2/"" target=""_blank"">6.3.2</a> «Зона для разворота» применяется для обозначения места на участке дороги, разрешающего разворот, и его протяжённость. В данном случае протяжённость зоны для разворота - не более 15 м.
Комбинация знаков «А» - <a href=""https://www.drom.ru/pdd/pdd/sign_6_3_1/"" target=""_blank"">6.3.1</a> «Место для разворота» и табличка <a href=""https://www.drom.ru/pdd/pdd/sign_8_1_1/"" target=""_blank"">8.1.1</a> «Расстояние до объекта» указывают, что через 50 м от установки знаков по ходу движения будет находиться место, предназначенное только для выполнения разворота. Протяжённость зоны разворота в данной ситуации не оговаривается.
(«Дорожные знаки»)        "
"Какие из указанных знаков используются для обозначения кемпинга?<br><img src=""https://s.drom.ru/i24227/pdd/tickets/2016/1542609017.jpg""><br><ol><li>Только А</li><li>Только Б</li><li>Только В</li><li>Б и В</li></ol>"	"<b>Правильный ответ: 2. Только Б</b><hr>
<b>Правильный ответ: 2</b>
<br/>
            Знаки сервиса информируют о расположении соответствующих объектов.
Обозначенные знаки: 
«Б» - <a href=""https://www.drom.ru/pdd/pdd/sign_7_10/"" target=""_blank"">7.10</a> «Кемпинг»; 
«А» - <a href=""https://www.drom.ru/pdd/pdd/sign_7_9/"" target=""_blank"">7.9</a> «Гостиница или мотель»; 
«В» - <a href=""https://www.drom.ru/pdd/pdd/sign_7_11/"" target=""_blank"">7.11</a> «Место отдыха».
(«Дорожные знаки»)        "
"Какие из указанных табличек распространяют действие установленных с ними знаков на грузовые автомобили с разрешенной максимальной массой более 3,5 т?<br><img src=""https://s.drom.ru/i24227/pdd/tickets/2016/1542609068.jpg""><br><ol><li>Только А</li><li>Только В</li><li>А и В</li><li>Все</li></ol>"	"<b>Правильный ответ: 3. А и В</b><hr>
<b>Правильный ответ: 3</b>
<br/>
            Таблички <a href=""https://www.drom.ru/pdd/pdd/sign_8_4_1/"" target=""_blank"">8.4.1</a> (А) и <a href=""https://www.drom.ru/pdd/pdd/sign_8_4_1/"" target=""_blank"">8.4.3</a> (Б) «Вид транспортного средства» распространяют свое действие: «А» - на грузовые автомобили, в том числе с прицепом, с р.м.м более 3,5 т, «Б» - на легковые автомобили, а также грузовые автомобили с р.м.м до 3,5 т. Табличка <a href=""https://www.drom.ru/pdd/pdd/sign_8_6/"" target=""_blank"">8.6.1</a> (В) «Способ постановки транспортного средства на стоянку» распространяет действие знака <a href=""https://www.drom.ru/pdd/pdd/sign_6_4/"" target=""_blank"">6.4</a> «Парковка (парковочное место)» на ВСЕ транспортные средства. Поэтому только таблички «А» и «В» касаются грузовых автомобилей, р.м.м которых более 3,5 т.
(«Дорожные знаки»)        "
"Вы можете продолжить движение по крайней левой полосе:<br><img src=""https://s.drom.ru/i24228/pdd/tickets/2016/1543885022.jpg""><br><ol><li>Только налево</li><li>Только в обратном направлении</li><li>Налево или в обратном направлении</li></ol>"	"<b>Правильный ответ: 3. Налево или в обратном направлении</b><hr>
<b>Правильный ответ: 3</b>
<br/>
            Знаки, указывающие направление движения по полосам (полосе), разрешающие поворот налево из крайней левой полосы, разрешают и разворот. Вы, двигаясь по крайней левой полосе, согласно знаку <a href=""https://www.drom.ru/pdd/pdd/sign_5_15_2/"" target=""_blank"">5.15.2</a> «Направления движения по полосе», можете повернуть налево или развернуться для продолжения движения в обратном направлении.
(«Дорожные знаки»)        "
"Какие из указанных знаков разрешают выполнить поворот налево?<br><img src=""https://s.drom.ru/i24227/pdd/tickets/2016/1542609144.jpg""><br><ol><li>Только А</li><li>А и Б</li><li>Б и В</li><li>Все</li></ol>"	"<b>Правильный ответ: 4. Все</b><hr>
<b>Правильный ответ: 4</b>
<br/>
            Все знаки позволяют выполнить поворот налево. Знак «А» - <a href=""https://www.drom.ru/pdd/pdd/sign_3_19/"" target=""_blank"">3.19</a> «Разворот запрещен» - разрешает производить поворот налево. Знаки «Б» и «В» также не запрещают совершать маневр - поворот налево.
(«Дорожные знаки»)        "
"Запрещается ставить на стоянку указанным на табличке способом:<br><img src=""https://s.drom.ru/i24227/pdd/tickets/2016/1542609170.jpg""><br><ol><li>Только автобусы</li><li>Только грузовые автомобили с разрешенной максимальной массой более 3,5 т</li><li>Все грузовые автомобили и автобусы</li></ol>"	"<b>Правильный ответ: 3. Все грузовые автомобили и автобусы</b><hr>
<b>Правильный ответ: 3</b>
<br/>
            Табличка <a href=""https://www.drom.ru/pdd/pdd/sign_8_6/"" target=""_blank"">8.6.3</a> «Способ постановки транспортного средства на стоянку» указывает, как должны располагаться легковые автомобили и мотоциклы на краю тротуара в месте, обозначенном знаком <a href=""https://www.drom.ru/pdd/pdd/sign_6_4/"" target=""_blank"">6.4</a> «Парковка (парковочное место)».
(«Дорожные знаки»)        "
"Вы намерены повернуть налево. Где следует остановиться, чтобы уступить дорогу легковому автомобилю?<br><img src=""https://s.drom.ru/i24231/pdd/tickets/2016/1551664760.jpg""><br><ol><li>Перед знаком</li><li>Перед перекрестком у линии разметки</li><li>На перекрестке перед прерывистой линией разметки</li><li>В любом месте по усмотрению водителя</li></ol>"	"<b>Правильный ответ: 2. Перед перекрестком у линии разметки</b><hr>
<b>Правильный ответ: 2</b>
<br/>
            Согласно знаку <a href=""https://www.drom.ru/pdd/pdd/sign_2_4/"" target=""_blank"">2.4</a> «Уступите дорогу» водители должны пропускать транспорт, движущийся по пересекаемой дороге. Разметка <a href=""https://www.drom.ru/pdd/pdd/mark_1_13/"" target=""_blank"">1.13</a> в виде треугольников указывает место, где при необходимости следует остановиться. У Вас такая необходимость есть, так как при повороте налево Вы уступаете дорогу легковому автомобилю. 
(«Дорожные знаки», «Горизонтальная разметка»)        "
"Можно ли Вам остановиться в этом месте для посадки или высадки пассажиров?<br><img src=""https://s.drom.ru/i24228/pdd/tickets/2016/1543885590.jpg""><br><ol><li>Можно</li><li>Можно, если при этом не будут созданы помехи движению маршрутных транспортных средств</li><li>Нельзя</li></ol>"	"<b>Правильный ответ: 2. Можно, если при этом не будут созданы помехи движению маршрутных транспортных средств</b><hr>
<b>Правильный ответ: 2</b>
<br/>
            В данном случае место остановки маршрутных транспортных средств обозначено соответствующим знаком и жёлтой зигзагообразной разметкой <a href=""https://www.drom.ru/pdd/pdd/mark_1_17/"" target=""_blank"">1.17.1</a>.
Остановка в указанном месте допускается, если Вы произведёте ее для посадки или высадки пассажиров и в это время не создадите помех движению маршрутных транспортных средств.
(«Дорожные знаки», «Горизонтальная разметка», пункт <a href=""https://www.drom.ru/pdd/pdd/punkt_12_4/#p12_4"" target=""_blank"">12.4</a> ПДД)        "
"Обязаны ли Вы в данной ситуации подать сигнал правого поворота?<br><img src=""https://s.drom.ru/i24228/pdd/tickets/2016/1543885456.jpg""><br><ol><li>Обязаны</li><li>Обязаны только в темное время суток</li><li>Не обязаны</li></ol>"	"<b>Правильный ответ: 1. Обязаны</b><hr>
<b>Правильный ответ: 1</b>
<br/>
            Вы будете перестраиваться. Перед перестроением следует подать сигнал правого поворота.
(«Дорожные знаки», «Горизонтальная разметка» <a href=""https://www.drom.ru/pdd/pdd/mark_1_19/"" target=""_blank"">1.19</a>, пункт <a href=""https://www.drom.ru/pdd/pdd/punkt_8_1/#p8_1"" target=""_blank"">8.1</a> ПДД)        "
"С какой скоростью Вы можете продолжить движение вне населенного пункта по левой полосе на грузовом автомобиле с разрешенной максимальной массой более 3,5 т?<br><img src=""https://s.drom.ru/i24231/pdd/tickets/2016/1551664921.jpg""><br><ol><li>Не более 50 км/ч</li><li>Не менее 50 км/ч и не более 70 км/ч</li><li>Не менее 50 км/ч и не более 90 км/ч</li></ol>"	"<b>Правильный ответ: 2. Не менее 50 км/ч и не более 70 км/ч</b><hr>
<b>Правильный ответ: 2</b>
<br/>
            Над левой полосой висит знак <a href=""https://www.drom.ru/pdd/pdd/sign_4_6/"" target=""_blank"">4.6</a> «Ограничение минимальной скорости» с табличкой <a href=""https://www.drom.ru/pdd/pdd/sign_8_14/"" target=""_blank"">8.14</a> «Полоса движения», указывающей полосу движения, на которую распространяется действие знака. Скорость движения на грузовом автомобиле с р.м.м которого более 3,5 т по левой полосе не должна быть менее 50 км/ч и не должна превышать допустимой для дорог вне населённых пунктов, т.е. не более 70 км/ч.
(«Дорожные знаки», пункт <a href=""https://www.drom.ru/pdd/pdd/punkt_10_3/#p10_3"" target=""_blank"">10.3</a> ПДД)        "
"С какой скоростью Вы имеете право продолжить движение в населенном пункте по левой полосе?<br><img src=""https://s.drom.ru/i24228/pdd/tickets/2016/1543885318.jpg""><br><ol><li>Не более 40 км/ч</li><li>Не более 60 км/ч</li><li>Не менее 40 км/ч и не более 60 км/ч</li></ol>"	"<b>Правильный ответ: 3. Не менее 40 км/ч и не более 60 км/ч</b><hr>
<b>Правильный ответ: 3</b>
<br/>
            Разрешённая скорость движения в населённом пункте не более 60 км/ч. Вы выезжаете на полосу, над которой установлен знак <a href=""https://www.drom.ru/pdd/pdd/sign_4_6/"" target=""_blank"">4.6</a> «Ограничение минимальной скорости» с табличкой <a href=""https://www.drom.ru/pdd/pdd/sign_8_14/"" target=""_blank"">8.14</a> «Полоса движения», которая указывает полосу, на которую распространяется действие данного знака. Поэтому движение по данной полосе разрешается со скоростью не менее 40 км/ч, но и не превышающей 60 км/ч.
(Пункт <a href=""https://www.drom.ru/pdd/pdd/punkt_10_2/#p10_2"" target=""_blank"">10.2</a> ПДД, «Дорожные знаки»)        "
"В каких направлениях Вам разрешается продолжить движение по крайней левой полосе на грузовом автомобиле с разрешенной максимальной массой более 3,5 т?<br><img src=""https://s.drom.ru/i24228/pdd/tickets/2016/1543885287.jpg""><br><ol><li>Только налево</li><li>Налево и в обратном направлении</li><li>Прямо, налево и в обратном направлении</li></ol>"	"<b>Правильный ответ: 2. Налево и в обратном направлении</b><hr>
<b>Правильный ответ: 2</b>
<br/>
            При наличии трёх полос и более в данном направлении водитель грузовика, разрешённая максимальная масса которого более 2,5 т, может выезжать на крайнюю левую полосу только для поворота налево и разворота. Данные знаки особых предписаний, разрешающие поворот налево из крайней левой полосы, разрешают и разворот. Вам, при управлении грузовым автомобилем р.м.м. которого более 3,5 т, можно с данной полосы повернуть налево или развернуться для движения в обратном направлении.
(«Дорожные знаки», пункт <a href=""https://www.drom.ru/pdd/pdd/punkt_9_4/#p9_4"" target=""_blank"">9.4</a> ПДД)        "
Значения каких дорожных знаков отменяются сигналами светофора?<br><br><ol><li>Знаков приоритета</li><li>Запрещающих знаков</li><li>Предписывающих знаков</li><li>Всех перечисленных знаков</li></ol>	"<b>Правильный ответ: 1. Знаков приоритета</b><hr>
<b>Правильный ответ: 1</b>
<br/>
            Движение регулируется: регулировщиком, сигналами светофора, знаками приоритета, разметкой, дорожным покрытием, «правилом правой руки». По вышеперечисленному «принципу приоритетности регулирования дорожного движения» знаки приоритета работают (т.е. ими мы руководствуемся) в том случае, когда отсутствует регулировщик, светофор выключен, неисправен, переведён в «жёлтый мигающий режим».
(«Дорожные знаки», пункты <a href=""https://www.drom.ru/pdd/pdd/punkt_6_15/#p6_15"" target=""_blank"">6.15</a> и <a href=""https://www.drom.ru/pdd/pdd/punkt_13_3/#p13_3"" target=""_blank"">13.3</a> ПДД)        "
