"При повороте направо Вы должны уступить дорогу:<br><img src=""https://s.drom.ru/i24231/pdd/tickets/2016/1551665010.jpg""><br><ol><li>Только велосипедисту</li><li>Только пешеходам</li><li>Пешеходам и велосипедисту</li><li>Никому</li></ol>"	"<b>Правильный ответ: 3. Пешеходам и велосипедисту</b><hr>
<b>Правильный ответ: 3</b>
<br/>
            При повороте направо или налево водитель обязан уступить дорогу пешеходам, переходящим проезжую часть дороги, на которую он поворачивает, и велосипедистам, независимо от того, регулируемый или нерегулируемый это перекресток.
(Пункт <a href=""https://www.drom.ru/pdd/pdd/punkt_13_1/#p13_1"" target=""_blank"">13.1</a> ПДД)        "
"Вы намерены повернуть налево. Кому Вы должны уступить дорогу?<br><img src=""https://s.drom.ru/i24228/pdd/tickets/2016/1543885600.jpg""><br><ol><li>Только пешеходам</li><li>Только автобусу</li><li>Автобусу и пешеходам</li></ol>"	"<b>Правильный ответ: 3. Автобусу и пешеходам</b><hr>
<b>Правильный ответ: 3</b>
<br/>
            Перекрёсток регулируемый. Знаки приоритета «не работают». При повороте налево Вы уступаете автобусу, движущемуся прямо со встречного направления, и пешеходам, переходящим проезжую часть дороги, на которую Вы поворачиваете. 
(Пункты <a href=""https://www.drom.ru/pdd/pdd/punkt_13_1/#p13_1"" target=""_blank"">13.1</a>, <a href=""https://www.drom.ru/pdd/pdd/punkt_13_3/#p13_3"" target=""_blank"">13.3</a>, <a href=""https://www.drom.ru/pdd/pdd/punkt_13_4/#p13_4"" target=""_blank"">13.4</a> ПДД).        "
"При движении прямо Вы:<br><img src=""https://s.drom.ru/i24228/pdd/tickets/2016/1543885583.jpg""><br><ol><li>Должны остановиться перед стоп-линией</li><li>Можете продолжить движение через перекресток без остановки</li><li>Должны уступить дорогу транспортным средствам, движущимся с других направлений</li></ol>"	"<b>Правильный ответ: 2. Можете продолжить движение через перекресток без остановки</b><hr>
<b>Правильный ответ: 2</b>
<br/>
            Перекрёсток регулируемый. В этом случае знаки приоритета, а в их число входит и знак <a href=""https://www.drom.ru/pdd/pdd/sign_2_5/"" target=""_blank"">2.5</a> «Движение без остановки запрещено», согласно принципу приоритетности регулирования дорожного движения, «не работают», т.е. ими мы не руководствуемся. Горит зелёный сигнал светофора. Продолжаете движение через перекрёсток без остановки.
(Пункты <a href=""https://www.drom.ru/pdd/pdd/punkt_6_2/#p6_2"" target=""_blank"">6.2</a>, <a href=""https://www.drom.ru/pdd/pdd/punkt_6_15/#p6_15"" target=""_blank"">6.15</a>, <a href=""https://www.drom.ru/pdd/pdd/punkt_13_3/#p13_3"" target=""_blank"">13.3</a> ПДД)        "
"Вы намерены проехать перекресток в прямом направлении. Ваши действия?<br><img src=""https://s.drom.ru/i24228/pdd/tickets/2016/1543885566.jpg""><br><ol><li>Проедете перекресток первым</li><li>Уступите дорогу только встречному автомобилю</li><li>Уступите дорогу только автомобилю с включенными проблесковым маячком и специальным звуковым сигналом</li><li>Уступите дорогу обоим транспортным средствам</li></ol>"	"<b>Правильный ответ: 3. Уступите дорогу только автомобилю с включенными проблесковым маячком и специальным звуковым сигналом</b><hr>
<b>Правильный ответ: 3</b>
<br/>
            Перекресток регулируемый. Первым проедет «оперативник» со специальными сигналами, который может отступать от требований сигналов светофора. Другие водители должны обеспечить ему беспрепятственный проезд перекрёстка. Водитель грузовика обязан уступить Вам, т.е. транспортному средству, движущемуся прямо со встречного направления. 
(Пункты <a href=""https://www.drom.ru/pdd/pdd/punkt_3_1/#p3_1"" target=""_blank"">3.1</a>, <a href=""https://www.drom.ru/pdd/pdd/punkt_3_2/#p3_2"" target=""_blank"">3.2</a>, <a href=""https://www.drom.ru/pdd/pdd/punkt_13_3/#p13_3"" target=""_blank"">13.3</a>, <a href=""https://www.drom.ru/pdd/pdd/punkt_13_4/#p13_4"" target=""_blank"">13.4</a> ПДД)        "
"Как Вам следует поступить при повороте налево?<br><img src=""https://s.drom.ru/i24228/pdd/tickets/2016/1543885514.jpg""><br><ol><li>Проехать перекресток первым</li><li>Выехать на перекресток и остановиться, чтобы уступить дорогу встречному автомобилю</li><li>Остановиться перед перекрестком и после проезда легкового автомобиля повернуть налево</li></ol>"	"<b>Правильный ответ: 2. Выехать на перекресток и остановиться, чтобы уступить дорогу встречному автомобилю</b><hr>
<b>Правильный ответ: 2</b>
<br/>
            Остановка не далее стоп-линии обязательна при запрещающем сигнале светофора. Вам же горит «зелёный». Без остановки выезжаете на перекрёсток и перед поворотом налево останавливаетесь, чтобы уступить дорогу легковому автомобилю, движущемуся прямо со встречного направления.
(«Горизонтальная разметка», пункты <a href=""https://www.drom.ru/pdd/pdd/punkt_6_13/#p6_13"" target=""_blank"">6.13</a>, <a href=""https://www.drom.ru/pdd/pdd/punkt_6_2/#p6_2"" target=""_blank"">6.2</a>, <a href=""https://www.drom.ru/pdd/pdd/punkt_13_3/#p13_3"" target=""_blank"">13.3</a>, <a href=""https://www.drom.ru/pdd/pdd/punkt_13_4/#p13_4"" target=""_blank"">13.4</a> ПДД)        "
"Кто из водителей, выполняющих поворот, нарушит Правила?<br><img src=""https://s.drom.ru/i24228/pdd/tickets/2016/1543885497.jpg""><br><ol><li>Оба</li><li>Только водитель маломестного автобуса</li><li>Только водитель мотоцикла</li><li>Никто не нарушит</li></ol>"	"<b>Правильный ответ: 1. Оба</b><hr>
<b>Правильный ответ: 1</b>
<br/>
            Знак <a href=""https://www.drom.ru/pdd/pdd/sign_4_1_1/"" target=""_blank"">4.1.1</a> «Движение прямо» в данном случае установлен непосредственно перед пересечением проезжих частей, т.е. перед перекрестком. Можно продолжать движение только прямо. В данной ситуации нарушают Правила оба водителя. 
(«Дорожные знаки»)        "
"Разрешено ли Вам выехать на перекресток, за которым образовался затор:<br><img src=""https://s.drom.ru/i24228/pdd/tickets/2016/1543885482.jpg""><br><ol><li>Разрешено</li><li>Разрешено, если Вы намерены выполнить поворот</li><li>Запрещено</li></ol>"	"<b>Правильный ответ: 2. Разрешено, если Вы намерены выполнить поворот</b><hr>
<b>Правильный ответ: 2</b>
<br/>
            Перекрёсток регулируемый. Вам «зелёный свет», но впереди «пробка». если Вы выедете на перекрёсток для движения в прямом направлении, то при смене сигналов будете оказывать помехи движению, особенно в поперечном направлении. Поэтому на перекрёсток Вы можете выехать только для поворота направо или налево.
(Пункты <a href=""https://www.drom.ru/pdd/pdd/punkt_6_2/#p6_2"" target=""_blank"">6.2</a>, <a href=""https://www.drom.ru/pdd/pdd/punkt_13_2/#p13_2"" target=""_blank"">13.2</a> ПДД).
(14.12.18 обновлен вариант ответа (правильный). Теперь нельзя выезжать на перекресток с затором, если вы собираетесь сделать разворот)        "
"В данной ситуации Вы не обязаны уступать дорогу трамваю при движении:<br><img src=""https://s.drom.ru/i24228/pdd/tickets/2016/1543885415.jpg""><br><ol><li>Прямо или направо</li><li>Только прямо</li><li>Только направо</li></ol>"	"<b>Правильный ответ: 1. Прямо или направо</b><hr>
<b>Правильный ответ: 1</b>
<br/>
            Перекресток регулируемый. Светофор с одноцветной сигнализацией, предназначенный для маршрутных ТС, разрешает движение прямо. Трамвай, поворачивающий направо, дожидается смены сигнала. Зеленый сигнал светофора разрешает Вам движение - проезжайте перекресток прямо первым.
(Пункты <a href=""https://www.drom.ru/pdd/pdd/punkt_6_2/#p6_2"" target=""_blank"">6.2</a>, <a href=""https://www.drom.ru/pdd/pdd/punkt_6_8/#p6_8"" target=""_blank"">6.8</a> ПДД)        "
"При включении зеленого сигнала светофора Вы должны уступить дорогу:<br><img src=""https://s.drom.ru/i24228/pdd/tickets/2016/1543885398.jpg""><br><ol><li>Только грузовому автомобилю, завершающему разворот на перекрестке</li><li>Только легковому автомобилю</li><li>Обоим автомобилям</li></ol>"	"<b>Правильный ответ: 3. Обоим автомобилям</b><hr>
<b>Правильный ответ: 3</b>
<br/>
            Правила предусматривают такую ситуацию. При включении разрешающего сигнала светофора водитель обязан уступить дорогу транспортным средствам, завершающим движение через перекрёсток.
У Вас именно такая ситуация - уступаете дорогу всем автомобилям, находящимся в границах перекрестка, в данном случае - обоим автомобилям.
(Пункт <a href=""https://www.drom.ru/pdd/pdd/punkt_13_8/#p13_8"" target=""_blank"">13.8</a> ПДД)        "
"В каком случае Вы обязаны пропустить трамвай?<br><img src=""https://s.drom.ru/i24228/pdd/tickets/2016/1543885382.jpg""><br><ol><li>При повороте налево, перестроившись на трамвайные пути попутного направления</li><li>При движении прямо</li><li>В обоих перечисленных случаях</li></ol>"	"<b>Правильный ответ: 3. В обоих перечисленных случаях</b><hr>
<b>Правильный ответ: 3</b>
<br/>
            Перекресток регулируется светофором, траектории движения трамвая и ваша пересекаются. Находясь в равнозначных условиях трамвай имеет преимущество перед безрельсовыми ТС.
Вы уступаете дорогу в обоих перечисленных случаях.
(Пункты <a href=""https://www.drom.ru/pdd/pdd/punkt_6_2/#p6_2"" target=""_blank"">6.2</a>, <a href=""https://www.drom.ru/pdd/pdd/punkt_13_6/#p13_6"" target=""_blank"">13.6</a> ПДД)        "
"Вы намерены проехать перекресток в прямом направлении. Кому Вы должны уступить дорогу?<br><img src=""https://s.drom.ru/i24228/pdd/tickets/2016/1543885365.jpg""><br><ol><li>Трамваю и автомобилю</li><li>Только трамваю</li><li>Никому</li></ol>"	"<b>Правильный ответ: 2. Только трамваю</b><hr>
<b>Правильный ответ: 2</b>
<br/>
            Перекрёсток регулируемый. Трамвай в равнозначных условиях имеет преимущество перед безрельсовыми транспортными средствами. Проезжает первым. Легковой автомобиль при повороте налево обязан уступить дорогу транспортным средствам, движущимся со встречного направления прямо и направо. Вы уступаете дорогу только трамваю.
(Пункты <a href=""https://www.drom.ru/pdd/pdd/punkt_13_3/#p13_3"" target=""_blank"">13.3</a>, <a href=""https://www.drom.ru/pdd/pdd/punkt_13_4/#p13_4"" target=""_blank"">13.4</a>, <a href=""https://www.drom.ru/pdd/pdd/punkt_13_6/#p13_6"" target=""_blank"">13.6</a> ПДД)        "
"Обязаны ли Вы уступить дорогу автобусу?<br><img src=""https://s.drom.ru/i24228/pdd/tickets/2016/1543885348.jpg""><br><ol><li>Обязаны</li><li>Не обязаны</li></ol>"	"<b>Правильный ответ: 1. Обязаны</b><hr>
<b>Правильный ответ: 1</b>
<br/>
            «Правило правой руки» универсально. Оно не работает в двух случаях - один из случаев, когда ТС движется под дополнительную секцию, включенную одновременно с основным желтым или красным сигналом. В данной ситуации Вы обязаны уступить дорогу всем ТС, движущимся с других направлений. Вы обязаны уступить дорогу автобусу.
(Пункт <a href=""https://www.drom.ru/pdd/pdd/punkt_13_5/#p13_5"" target=""_blank"">13.5</a> ПДД)        "
"Обязаны ли Вы уступить дорогу легковому автомобилю при повороте направо?<br><img src=""https://s.drom.ru/i24228/pdd/tickets/2016/1543885331.jpg""><br><ol><li>Обязаны</li><li>Обязаны, если легковой автомобиль поворачивает налево</li><li>Не обязаны</li></ol>"	"<b>Правильный ответ: 3. Не обязаны</b><hr>
<b>Правильный ответ: 3</b>
<br/>
            Перекрёсток регулируемый. Знаки приоритета «не работают». При повороте налево водитель легкового автомобиля обязан уступить дорогу транспортным средствам, движущимся со встречного направления прямо или направо. У Вас преимущество.
(Пункты <a href=""https://www.drom.ru/pdd/pdd/punkt_13_3/#p13_3"" target=""_blank"">13.3</a>, <a href=""https://www.drom.ru/pdd/pdd/punkt_13_4/#p13_4"" target=""_blank"">13.4</a> ПДД)        "
"Вы намерены проехать перекресток в прямом направлении. Ваши действия?<br><img src=""https://s.drom.ru/i24228/pdd/tickets/2016/1543885314.jpg""><br><ol><li>Остановитесь перед стоп-линией</li><li>Продолжите движение, уступая дорогу легковому автомобилю</li><li>Продолжите движение, имея преимущество перед легковым автомобилем</li></ol>"	"<b>Правильный ответ: 2. Продолжите движение, уступая дорогу легковому автомобилю</b><hr>
<b>Правильный ответ: 2</b>
<br/>
            Перекрёсток регулируемый. Вы продолжаете движение под дополнительную секцию светофора, включенную одновременно с основным красным сигналом светофора без остановки у стоп-линии. Но в этом случае, продолжая движение, необходимо учитывать, что уступаете дорогу всем транспортным средствам, движущимся с других направлений. В случае создания помехи, Вы создадите опасную ситуацию, которая может перейти в аварийную, и тогда Вы станете виновником ДТП.
(Пункты <a href=""https://www.drom.ru/pdd/pdd/punkt_13_3/#p13_3"" target=""_blank"">13.3</a>, <a href=""https://www.drom.ru/pdd/pdd/punkt_13_5/#p13_5"" target=""_blank"">13.5</a> ПДД)        "
"Кому Вы обязаны уступить дорогу при повороте налево?<br><img src=""https://s.drom.ru/i24228/pdd/tickets/2016/1543885300.jpg""><br><ol><li>Только встречному автомобилю</li><li>Только пешеходам</li><li>Встречному автомобилю и пешеходам</li></ol>"	"<b>Правильный ответ: 3. Встречному автомобилю и пешеходам</b><hr>
<b>Правильный ответ: 3</b>
<br/>
            Перекрёсток регулируемый. При повороте налево Вы обязаны уступить дорогу легковому автомобилю, движущемуся прямо со встречного направления, и пешеходам, переходящим проезжую часть дороги, на которую поворачиваете.
(Пункты <a href=""https://www.drom.ru/pdd/pdd/punkt_13_1/#p13_1"" target=""_blank"">13.1</a>, <a href=""https://www.drom.ru/pdd/pdd/punkt_13_4/#p13_4"" target=""_blank"">13.4</a> ПДД)        "
"Кому Вы должны уступить дорогу при повороте налево?<br><img src=""https://s.drom.ru/i24228/pdd/tickets/2016/1543885284.jpg""><br><ol><li>Только мотоциклу</li><li>Только автомобилю с включенными проблесковым маячком и специальным звуковым сигналом</li><li>Обоим транспортным средствам</li></ol>"	"<b>Правильный ответ: 3. Обоим транспортным средствам</b><hr>
<b>Правильный ответ: 3</b>
<br/>
            Перекрёсток регулируемый. Знаки приоритета «не работают». Первым на красный сигнал светофора выезжает на перекрёсток «оперативник» (от сигналов светофора он имеет право отступать) с включенными проблесковым маячком и специальным звуковым сигналом, которому остальные обязаны обеспечить беспрепятственный проезд. При повороте налево Вы уступаете дорогу мотоциклисту, движущемуся прямо со стороны встречного направления. Проезжаете перекрёсток последним, уступая обоим транспортным средствам.
(Пункты <a href=""https://www.drom.ru/pdd/pdd/punkt_3_1/#p3_1"" target=""_blank"">3.1</a>, <a href=""https://www.drom.ru/pdd/pdd/punkt_3_2/#p3_2"" target=""_blank"">3.2</a>, <a href=""https://www.drom.ru/pdd/pdd/punkt_13_3/#p13_3"" target=""_blank"">13.3</a>, <a href=""https://www.drom.ru/pdd/pdd/punkt_13_4/#p13_4"" target=""_blank"">13.4</a> ПДД)        "
"Вы намерены повернуть налево. Ваши действия?<br><img src=""https://s.drom.ru/i24228/pdd/tickets/2016/1543885269.jpg""><br><ol><li>Выполните маневр без остановки на перекрестке</li><li>Повернете налево и остановитесь в разрыве разделительной полосы, дождетесь разрешающего сигнала светофора на выезде с перекрестка и завершите маневр</li><li>Остановитесь перед перекрестком, дождетесь зеленого сигнала светофора на выезде с перекрестка и начнете выполнение маневра</li></ol>"	"<b>Правильный ответ: 1. Выполните маневр без остановки на перекрестке</b><hr>
<b>Правильный ответ: 1</b>
<br/>
            Перекрёсток регулируемый. При повороте налево Вам следует выехать в намеченном направлении, независимо от сигнала светофора на выезде с перекрестка.
(Пункты <a href=""https://www.drom.ru/pdd/pdd/punkt_6_2/#p6_2"" target=""_blank"">6.2</a>, <a href=""https://www.drom.ru/pdd/pdd/punkt_13_7/#p13_7"" target=""_blank"">13.7</a> ПДД)        "
"При повороте налево Вы:<br><img src=""https://s.drom.ru/i24228/pdd/tickets/2016/1543885235.jpg""><br><ol><li>Должны уступить дорогу обоим транспортным средствам</li><li>Должны уступить дорогу только легковому автомобилю</li><li>Имеете право проехать перекресток первым</li></ol>"	"<b>Правильный ответ: 1. Должны уступить дорогу обоим транспортным средствам</b><hr>
<b>Правильный ответ: 1</b>
<br/>
            Перекрёсток регулируемый. Всем трем ТС разрешено движение. Трамвай в равнозначных условиях имеет преимущество перед безрельсовыми ТС. Он проезжает первым. Вы - при повороте налево обязаны уступить автомобилю, движущемуся навстречу прямо.
Правильный ответ - должны уступить дорогу обоим транспортным средствам.
(Пункты <a href=""https://www.drom.ru/pdd/pdd/punkt_6_2/#p6_2"" target=""_blank"">6.2</a>, <a href=""https://www.drom.ru/pdd/pdd/punkt_13_4/#p13_4"" target=""_blank"">13.4</a>, <a href=""https://www.drom.ru/pdd/pdd/punkt_13_6/#p13_6"" target=""_blank"">13.6</a> ПДД)        "
"Вы намерены повернуть налево. Ваши действия?<br><img src=""https://s.drom.ru/i24228/pdd/tickets/2016/1543885202.jpg""><br><ol><li>Остановитесь перед перекрестком, дождетесь зеленого сигнала светофора, установленного на разделительной полосе, и начнете выполнение маневра</li><li>Выехав на перекресток, остановитесь у стоп-линии и, дождавшись зеленого сигнала светофора, установленного на разделительной полосе, завершите маневр</li><li>Выполните маневр без остановки на перекрестке</li></ol>"	"<b>Правильный ответ: 2. Выехав на перекресток, остановитесь у стоп-линии и, дождавшись зеленого сигнала светофора, установленного на разделительной полосе, завершите маневр</b><hr>
<b>Правильный ответ: 2</b>
<br/>
            В обычной ситуации водитель выезжает с перекрёстка независимо от сигналов светофора на выходе с перекрёстка. Но здесь ситуация иная. Применено раздельное действие светофоров. На перекрёстке два пересечения проезжих частей. Повернув налево, Вы обязаны при запрещающем сигнале светофора остановиться у «стоп-линии» (разметки <a href=""https://www.drom.ru/pdd/pdd/mark_1_12/"" target=""_blank"">1.12</a>). После включения разрешающего сигнала продолжаете движение через перекрёсток.
(Пункт <a href=""https://www.drom.ru/pdd/pdd/punkt_13_7/#p13_7"" target=""_blank"">13.7</a> ПДД)        "
"Кому Вы обязаны уступить дорогу при повороте налево?<br><img src=""https://s.drom.ru/i24228/pdd/tickets/2016/1543885170.jpg""><br><ol><li>Только автомобилю</li><li>Только трамваю</li><li>Автомобилю и трамваю</li><li>Никому</li></ol>"	"<b>Правильный ответ: 3. Автомобилю и трамваю</b><hr>
<b>Правильный ответ: 3</b>
<br/>
            Перекрёсток регулируемый. Трамвай в равнозначных условиях имеет преимущество перед безрельсовыми транспортными средствами. Вместе с ним одновременно, так как траектории движения не пересекаются, проедет легковой автомобиль, поворачивающий направо, которому Вы при повороте налево обязаны также уступить. Вы проедете перекрёсток последним.
(Пункты <a href=""https://www.drom.ru/pdd/pdd/punkt_13_3/#p13_3"" target=""_blank"">13.3</a>, <a href=""https://www.drom.ru/pdd/pdd/punkt_13_4/#p13_4"" target=""_blank"">13.4</a>, <a href=""https://www.drom.ru/pdd/pdd/punkt_13_6/#p13_6"" target=""_blank"">13.6</a> ПДД)        "
"При выполнении какого маневра водитель грузового автомобиля имеет преимущество в движении?<br><img src=""https://s.drom.ru/i24228/pdd/tickets/2016/1543885153.jpg""><br><ol><li>Только при повороте налево</li><li>Только при развороте</li><li>При выполнении любого маневра из перечисленных</li></ol>"	"<b>Правильный ответ: 3. При выполнении любого маневра из перечисленных</b><hr>
<b>Правильный ответ: 3</b>
<br/>
            Водитель грузового автомобиля, движущийся под включенную зеленую стрелку в дополнительной секции, включенную одновременно с основным зеленым сигналом, может повернуть налево и совершить разворот. При этом движущиеся под включенную зеленую стрелку, в дополнительной секции, включенную одновременно с основным красным сигналом, автобус и легковой автомобиль обязаны уступить всем другим ТС, движущимся со всех других направлений.
Водитель грузового автомобиля имеет преимущество в данной ситуации при выполнении любого маневра из перечисленных.
(Пункт <a href=""https://www.drom.ru/pdd/pdd/punkt_13_5/#p13_5"" target=""_blank"">13.5</a> ПДД)        "
"В каком случае Вы обязаны уступить дорогу грузовому автомобилю?<br><img src=""https://s.drom.ru/i24228/pdd/tickets/2016/1543885136.jpg""><br><ol><li>При повороте налево</li><li>При развороте</li><li>В обоих перечисленных случаях</li></ol>"	"<b>Правильный ответ: 3. В обоих перечисленных случаях</b><hr>
<b>Правильный ответ: 3</b>
<br/>
            Перекрёсток регулируемый. Вам разрешено движение. При повороте налево, развороте следует уступить дорогу транспортным средствам, движущимся со встречного направления прямо и направо. Уступаете грузовику в обоих перечисленных случаях.
(Пункты <a href=""https://www.drom.ru/pdd/pdd/punkt_13_3/#p13_3"" target=""_blank"">13.3</a>, <a href=""https://www.drom.ru/pdd/pdd/punkt_13_4/#p13_4"" target=""_blank"">13.4</a> ПДД)        "
"Как Вам следует поступить при повороте налево?<br><img src=""https://s.drom.ru/i24228/pdd/tickets/2016/1543885108.jpg""><br><ol><li>Проехать перекресток первым</li><li>Уступить дорогу только грузовому автомобилю с включенным проблесковым маячком</li><li>Уступить дорогу только автобусу</li></ol>"	"<b>Правильный ответ: 3. Уступить дорогу только автобусу</b><hr>
<b>Правильный ответ: 3</b>
<br/>
            Перекрёсток регулируемый. Знаки приоритета «не работают». Грузовик с «жёлтой мигалкой» стоит и дожидается разрешающего ему движение сигнала светофора, так как отступать от требований сигналов светофора жёлтый специальный сигнал не разрешает. Вы при повороте налево обязаны уступить дорогу транспортным средствам, движущимся прямо со встречного направления. Уступаете дорогу автобусу.
(Пункты <a href=""https://www.drom.ru/pdd/pdd/punkt_3_4/#p3_4"" target=""_blank"">3.4</a>, <a href=""https://www.drom.ru/pdd/pdd/punkt_13_3/#p13_3"" target=""_blank"">13.3</a>, <a href=""https://www.drom.ru/pdd/pdd/punkt_13_4/#p13_4"" target=""_blank"">13.4</a> ПДД)        "
"Вам необходимо уступить дорогу другим участникам движения:<br><img src=""https://s.drom.ru/i24228/pdd/tickets/2016/1543885059.jpg""><br><ol><li>Только при повороте налево или развороте</li><li>Только при повороте направо</li><li>В обоих перечисленных случаях</li></ol>"	"<b>Правильный ответ: 3. В обоих перечисленных случаях</b><hr>
<b>Правильный ответ: 3</b>
<br/>
            При повороте направо Вы обязаны уступить дорогу пешеходам. При повороте налево или развороте - трамваю, имеющему преимущество в равнозначных условиях. Никаких помех нет при движении прямо.
Правильный ответ - в обоих перечисленных случаях.
(Пункты <a href=""https://www.drom.ru/pdd/pdd/punkt_6_2/#p6_2"" target=""_blank"">6.2</a>, <a href=""https://www.drom.ru/pdd/pdd/punkt_13_1/#p13_1"" target=""_blank"">13.1</a>, <a href=""https://www.drom.ru/pdd/pdd/punkt_13_6/#p13_6"" target=""_blank"">13.6</a> ПДД)        "
"Как Вам следует поступить при повороте направо?<br><img src=""https://s.drom.ru/i24228/pdd/tickets/2016/1543885029.jpg""><br><ol><li>Остановиться перед стоп-линией и, пропустив пешеходов, повернуть направо</li><li>Выехав на перекресток, остановиться перед пешеходным переходом, чтобы пропустить пешеходов</li><li>Продолжить движение без остановки на перекрестке</li></ol>"	"<b>Правильный ответ: 2. Выехав на перекресток, остановиться перед пешеходным переходом, чтобы пропустить пешеходов</b><hr>
<b>Правильный ответ: 2</b>
<br/>
            При повороте направо, налево на любом перекрёстке (регулируемом, нерегулируемом) водитель обязан уступить дорогу пешеходам, переходящим проезжую часть дороги, на которую он поворачивает.
(Пункты <a href=""https://www.drom.ru/pdd/pdd/punkt_6_2/#p6_2"" target=""_blank"">6.2</a>, <a href=""https://www.drom.ru/pdd/pdd/punkt_13_1/#p13_1"" target=""_blank"">13.1</a> ПДД)        "
"Как Вам следует поступить при повороте налево?<br><img src=""https://s.drom.ru/i24228/pdd/tickets/2016/1543885012.jpg""><br><ol><li>Проехать перекресток первым</li><li>Уступить дорогу только автомобилю с включенными проблесковым маячком и специальным звуковым сигналом</li><li>Уступить дорогу обоим транспортным средствам</li></ol>"	"<b>Правильный ответ: 3. Уступить дорогу обоим транспортным средствам</b><hr>
<b>Правильный ответ: 3</b>
<br/>
            Перекрёсток регулируемый. Знаки приоритета «не работают». «Оперативник» со специальными сигналами отступает от требований сигналов светофора. Другие водители обязаны обеспечить его беспрепятственный проезд. При повороте налево Вы обязаны уступить легковому автомобилю, движущемуся прямо со встречного направления.
(Пункты <a href=""https://www.drom.ru/pdd/pdd/punkt_3_1/#p3_1"" target=""_blank"">3.1</a>, <a href=""https://www.drom.ru/pdd/pdd/punkt_3_2/#p3_2"" target=""_blank"">3.2</a>, <a href=""https://www.drom.ru/pdd/pdd/punkt_13_3/#p13_3"" target=""_blank"">13.3</a>, <a href=""https://www.drom.ru/pdd/pdd/punkt_13_4/#p13_4"" target=""_blank"">13.4</a> ПДД)        "
"Вы намерены проехать перекресток в прямом направлении. Ваши действия?<br><img src=""https://s.drom.ru/i24228/pdd/tickets/2016/1543884996.jpg""><br><ol><li>Проедете первым, руководствуясь сигналом светофора</li><li>Проедете первым, руководствуясь знаком «Главная дорога»</li><li>Уступите дорогу трамваю</li></ol>"	"<b>Правильный ответ: 3. Уступите дорогу трамваю</b><hr>
<b>Правильный ответ: 3</b>
<br/>
            Перекресток регулируется светофором. Знаки приоритета «не работают». 
Вы и трамвай находитесь в равнозначных условиях. Трамвай в таких ситуациях всегда имеет преимущество перед безрельсовыми ТС, поэтому Вы уступаете дорогу трамваю.
(Пункт <a href=""https://www.drom.ru/pdd/pdd/punkt_13_6/#p13_6"" target=""_blank"">13.6</a> ПДД)        "
"Вы намерены повернуть направо. Ваши действия?<br><img src=""https://s.drom.ru/i24228/pdd/tickets/2016/1543884980.jpg""><br><ol><li>Проедете перекресток первым</li><li>Уступите дорогу только трамваю А</li><li>Уступите дорогу только трамваю Б</li><li>Уступите дорогу обоим трамваям</li></ol>"	"<b>Правильный ответ: 4. Уступите дорогу обоим трамваям</b><hr>
<b>Правильный ответ: 4</b>
<br/>
            При одновременном праве на движение трамваи имеют преимущество перед безрельсовыми транспортными средствами.
(Пункт <a href=""https://www.drom.ru/pdd/pdd/punkt_13_6/#p13_6"" target=""_blank"">13.6</a> ПДД)        "
"Вы намерены проехать перекресток в прямом направлении. Кому Вы должны уступить дорогу?<br><img src=""https://s.drom.ru/i24231/pdd/tickets/2016/1551665071.jpg""><br><ol><li>Обоим трамваям</li><li>Только трамваю А</li><li>Только трамваю Б</li><li>Никому</li></ol>"	"<b>Правильный ответ: 1. Обоим трамваям</b><hr>
<b>Правильный ответ: 1</b>
<br/>
            Перекрёсток равнозначный. Трамваи в равнозначных условиях имеют преимущество перед безрельсовыми транспортными средствами. Между собой руководствуются «правилом правой руки». Помеха справа у трамвая «А». Соответственно первым проезжает трамвай «Б», за ним «А», Вы последним.
(Пункт <a href=""https://www.drom.ru/pdd/pdd/punkt_13_11/#p13_11"" target=""_blank"">13.11</a> ПДД)        "
"В каком случае Вы имеете преимущество?<br><img src=""https://s.drom.ru/i24228/pdd/tickets/2016/1543885599.jpg""><br><ol><li>Только при повороте направо</li><li>Только при повороте налево</li><li>В обоих перечисленных случаях</li></ol>"	"<b>Правильный ответ: 3. В обоих перечисленных случаях</b><hr>
<b>Правильный ответ: 3</b>
<br/>
            Перекресток равнозначный. Водители между собой руководствуются «правилом правой руки», т. е. у кого помеха справа, тот и уступает. У Вас преимущество и при повороте направо и при повороте налево, т. е. в обоих перечисленных случаях.
(Пункт <a href=""https://www.drom.ru/pdd/pdd/punkt_13_11/#p13_11"" target=""_blank"">13.11</a> ПДД).        "
"Вы намерены повернуть направо. Ваши действия?<br><img src=""https://s.drom.ru/i24228/pdd/tickets/2016/1543885581.jpg""><br><ol><li>Проедете перекресток первым</li><li>Уступите дорогу легковому автомобилю</li><li>Уступите дорогу обоим транспортным средствам</li></ol>"	"<b>Правильный ответ: 1. Проедете перекресток первым</b><hr>
<b>Правильный ответ: 1</b>
<br/>
            Перекрёсток равнозначный. Водители при определении порядка проезда перекрёстка руководствуются «правилом правой руки», т.е. у кого помеха справа, тот и уступает дорогу. У Вас помехи справа при повороте направо нет. Проезжаете перекресток первым.
(Пункт <a href=""https://www.drom.ru/pdd/pdd/punkt_13_11/#p13_11"" target=""_blank"">13.11</a> ПДД)        "
"Кому Вы должны уступить дорогу при движении в прямом направлении?<br><img src=""https://s.drom.ru/i24228/pdd/tickets/2016/1543885548.jpg""><br><ol><li>Только трамваю</li><li>Только легковому автомобилю</li><li>Обоим транспортным средствам</li></ol>"	"<b>Правильный ответ: 1. Только трамваю</b><hr>
<b>Правильный ответ: 1</b>
<br/>
            Перекрёсток равнозначный. В равнозначных условиях трамвай имеет преимущество, а безрельсовые транспортные средства между собой руководствуются «правилом правой руки», т.е. у кого помеха справа, тот и уступает. 
Уступаете дорогу в данной ситуации - только трамваю.
(Пункт <a href=""https://www.drom.ru/pdd/pdd/punkt_13_11/#p13_11"" target=""_blank"">13.11</a> ПДД)        "
"Кому Вы обязаны уступить дорогу при повороте налево?<br><img src=""https://s.drom.ru/i24228/pdd/tickets/2016/1543885530.jpg""><br><ol><li>Только пешеходам</li><li>Пешеходам и велосипедисту</li><li>Никому</li></ol>"	"<b>Правильный ответ: 2. Пешеходам и велосипедисту</b><hr>
<b>Правильный ответ: 2</b>
<br/>
            На перекрёстках, независимо регулируемые они или нет, при повороте налево или направо водитель обязан уступить дорогу пешеходам, переходящим проезжую часть, на которую он поворачивает. Следует уступить и велосипедисту, движущемуся навстречу прямо.
(Пункты <a href=""https://www.drom.ru/pdd/pdd/punkt_13_1/#p13_1"" target=""_blank"">13.1</a>, <a href=""https://www.drom.ru/pdd/pdd/punkt_13_2/#p13_2"" target=""_blank"">13.2</a> ПДД)        "
"Разрешено ли Вам выехать на перекресток, за которым образовался затор:<br><img src=""https://s.drom.ru/i24228/pdd/tickets/2016/1543885513.jpg""><br><ol><li>Разрешено</li><li>Разрешено, если Вы намерены выполнить поворот</li><li>Запрещено</li></ol>"	"<b>Правильный ответ: 2. Разрешено, если Вы намерены выполнить поворот</b><hr>
<b>Правильный ответ: 2</b>
<br/>
            В настоящее время заторы стали проблемой больших городов. Аналогичная ситуация не редкость. В прямом направлении Вам продолжать движение нельзя, так как Вы, остановившись на перекрёстке, перекроете движение транспортным средствам, движущимся в поперечном направлении. В данной ситуации можете выехать на перекрёсток только если намереваетесь повернуть налево или направо.
(Пункт <a href=""https://www.drom.ru/pdd/pdd/punkt_13_2/#p13_2"" target=""_blank"">13.2</a> ПДД).
(14.12.18 обновлен вариант ответа (правильный). Теперь нельзя выезжать на перекресток с затором, если вы собираетесь сделать разворот)        "
"Вы намерены продолжить движение в прямом направлении. Ваши действия?<br><img src=""https://s.drom.ru/i24228/pdd/tickets/2016/1543885496.jpg""><br><ol><li>Проедете перекресток первым</li><li>Уступите дорогу легковому автомобилю</li><li>Уступите дорогу легковому автомобилю и мотоциклу</li></ol>"	"<b>Правильный ответ: 2. Уступите дорогу легковому автомобилю</b><hr>
<b>Правильный ответ: 2</b>
<br/>
            Перекрёсток равнозначный. При определении порядка проезда перекрёстка транспортными средствами руководствуемся «правилом правой руки», т.е. у кого помеха справа тот и уступает. Особенность решения этого вопроса - в выкатывании и остановке на перекрёстке транспортного средства, начинающего движение. Первым начинает движение водитель легкового автомобиля, поворачивающий налево, поскольку он в первоначальный момент не имеет помехи справа. Доехав до середины перекрёстка, перед тем как повернуть налево, он остановится, так как должен уступить дорогу мотоциклисту, находящемуся от него справа. После этого на траектории движения Вашего автомобиля помеха справа будет отсутствовать - проезжаете перекрёсток первым. Мотоциклист после Вас. И последним закончит проезд перекрёстка водитель, который начинал движение.
(Пункт <a href=""https://www.drom.ru/pdd/pdd/punkt_13_11/#p13_11"" target=""_blank"">13.11</a> ПДД)        "
"Вы намерены продолжить движение в прямом направлении. Ваши действия?<br><img src=""https://s.drom.ru/i24228/pdd/tickets/2016/1543885481.jpg""><br><ol><li>Проедете перекресток первым</li><li>Уступите дорогу грузовому автомобилю</li></ol>"	"<b>Правильный ответ: 2. Уступите дорогу грузовому автомобилю</b><hr>
<b>Правильный ответ: 2</b>
<br/>
            Перекрёсток нерегулируемый, равнозначный. При разводке транспортных средств руководствуемся «правилом правой руки», т.е. у кого помеха справа, тот и уступает. Вы обязаны уступить дорогу грузовику.
(Пункт <a href=""https://www.drom.ru/pdd/pdd/punkt_13_11/#p13_11"" target=""_blank"">13.11</a> ПДД)        "
"Вы намерены проехать перекресток в прямом направлении. Кому Вы обязаны уступить дорогу?<br><img src=""https://s.drom.ru/i24228/pdd/tickets/2016/1543885464.jpg""><br><ol><li>Только трамваю</li><li>Только грузовому автомобилю</li><li>Обоим транспортным средствам</li></ol>"	"<b>Правильный ответ: 3. Обоим транспортным средствам</b><hr>
<b>Правильный ответ: 3</b>
<br/>
            Перекрёсток равнозначный. В равнозначных условиях трамвай имеет преимущество, а безрельсовые транспортные средства руководствуются «правилом правой руки», т.е. у кого помеха справа, тот и уступает. Вы уступаете и трамваю, и грузовому автомобилю, которые проедут перекрёсток одновременно, т.к. их траектории движения не пересекаются.
(Пункт <a href=""https://www.drom.ru/pdd/pdd/punkt_13_11/#p13_11"" target=""_blank"">13.11</a> ПДД)        "
"В каком случае Вы имеете право проехать перекресток первым?<br><img src=""https://s.drom.ru/i24228/pdd/tickets/2016/1543885449.jpg""><br><ol><li>Только при движении прямо</li><li>При движении прямо и налево</li><li>При движении прямо, налево и в обратном направлении</li></ol>"	"<b>Правильный ответ: 2. При движении прямо и налево</b><hr>
<b>Правильный ответ: 2</b>
<br/>
            Перекрёсток равнозначный. Водители руководствуются «правилом правой руки», т.е. у кого помеха справа, тот и уступает. Помеха справа у водителя легкового автомобиля. Вы проезжаете перекрёсток первым при движении прямо и налево. При развороте у Вас справа будет помеха.
(Пункт <a href=""https://www.drom.ru/pdd/pdd/punkt_13_11/#p13_11"" target=""_blank"">13.11</a> ПДД)        "
"Кто из водителей, выполняющих поворот, должен уступить дорогу пешеходам?<br><img src=""https://s.drom.ru/i24227/pdd/tickets/2016/1542608511.jpg""><br><ol><li>Только водитель легкового автомобиля</li><li>Только водитель грузового автомобиля</li><li>Оба</li></ol>"	"<b>Правильный ответ: 3. Оба</b><hr>
<b>Правильный ответ: 3</b>
<br/>
            При повороте направо или налево при проезде перекрёстков, как регулируемых, так и нерегулируемых, водитель обязан уступить дорогу пешеходам, переходящим проезжую часть дороги, на которую он поворачивает. Оба водителя уступают дорогу пешеходам.
(Пункт <a href=""https://www.drom.ru/pdd/pdd/punkt_13_1/#p13_1"" target=""_blank"">13.1</a> ПДД)        "
"Вы намерены проехать перекресток в прямом направлении. Кому Вы обязаны уступить дорогу?<br><img src=""https://s.drom.ru/i24228/pdd/tickets/2016/1543885397.jpg""><br><ol><li>Только трамваю А</li><li>Только трамваю Б</li><li>Обоим трамваям</li></ol>"	"<b>Правильный ответ: 3. Обоим трамваям</b><hr>
<b>Правильный ответ: 3</b>
<br/>
            Перекрёсток равнозначный. В равнозначных условиях трамваи имеют преимущество. В данной ситуации траектории движения трамваев не пересекаются, проезжают перекрёсток одновременно. Вы - после них.
(Пункт <a href=""https://www.drom.ru/pdd/pdd/punkt_13_11/#p13_11"" target=""_blank"">13.11</a> ПДД)        "
"При движении в прямом направлении Вам следует:<br><img src=""https://s.drom.ru/i24228/pdd/tickets/2016/1543885381.jpg""><br><ol><li>Проехать перекресток первым</li><li>Уступить дорогу только трамваю</li><li>Уступить дорогу трамваю и легковому автомобилю</li></ol>"	"<b>Правильный ответ: 2. Уступить дорогу только трамваю</b><hr>
<b>Правильный ответ: 2</b>
<br/>
            Перекрёсток равнозначный. Трамвай в равнозначных условиях имеет преимущество перед безрельсовыми транспортными средствами. Проезжает первым. Вы с водителем легкового автомобиля руководствуетесь «правилом правой руки». У Вас помехи справа нет. Проезжаете перекрёсток, уступая только трамваю.
(Пункт <a href=""https://www.drom.ru/pdd/pdd/punkt_13_11/#p13_11"" target=""_blank"">13.11</a> ПДД)        "
"При въезде на перекресток Вы:<br><img src=""https://s.drom.ru/i24228/pdd/tickets/2016/1543885364.jpg""><br><ol><li>Должны уступить дорогу обоим транспортным средствам</li><li>Должны уступить дорогу только автомобилю</li><li>Имеете преимущество перед обоими транспортными средствами</li></ol>"	"<b>Правильный ответ: 1. Должны уступить дорогу обоим транспортным средствам</b><hr>
<b>Правильный ответ: 1</b>
<br/>
            При отсутствии знаков приоритета на перекрёстке с круговым движением «правило правой руки» не работает. Вы обязаны уступить дорогу всем ТС, движущимся по такому перекрестку.
(Пункт <a href=""https://www.drom.ru/pdd/pdd/punkt_13_11/#p13_11_1"" target=""_blank"">13.11.1</a> ПДД)        "
"Вы намерены повернуть налево. Ваши действия?<br><img src=""https://s.drom.ru/i24228/pdd/tickets/2016/1543885347.jpg""><br><ol><li>Уступите дорогу обоим грузовым автомобилям</li><li>Выехав на перекресток, уступите дорогу встречному грузовому автомобилю и завершите поворот</li><li>Проедете перекресток первым</li></ol>"	"<b>Правильный ответ: 1. Уступите дорогу обоим грузовым автомобилям</b><hr>
<b>Правильный ответ: 1</b>
<br/>
            Перекрёсток равнозначный. При «разводке» транспортных средств руководствуемся «правилом правой руки», т.е. у кого помеха справа, тот и уступает. Первым проедет грузовик, движущийся прямо, после него грузовик с маячком оранжевого цвета (который не предоставляет «преимущество»), последним Вы.
(«Дорожные знаки», пункт <a href=""https://www.drom.ru/pdd/pdd/punkt_13_11/#p13_11"" target=""_blank"">13.11</a> ПДД)        "
"Вы намерены выполнить разворот. Ваши возможные действия?<br><img src=""https://s.drom.ru/i24228/pdd/tickets/2016/1543885330.jpg""><br><ol><li>Отказаться от преимущества в движении и приступить к развороту после проезда легкового автомобиля</li><li>Выехать на перекресток первым и, уступив дорогу легковому автомобилю, закончить разворот</li><li>Допускаются оба варианта действий</li></ol>"	"<b>Правильный ответ: 3. Допускаются оба варианта действий</b><hr>
<b>Правильный ответ: 3</b>
<br/>
            Данный вопрос и ответы на него требуют дополнительного пояснения. Пункт <a href=""https://www.drom.ru/pdd/pdd/punkt_1_3/#p1_3"" target=""_blank"">1.3</a> ПДД является основополагающим пунктом Правил - «Участники дорожного движения обязаны знать и соблюдать относящиеся к ним требования Правил, сигналов светофоров, знаков и разметки, а также выполнять распоряжения регулировщиков, действующих в пределах предоставленных им прав и регулирующих дорожное движение установленными сигналами.» Согласно данного пункта отказаться от преимущества водителю невозможно, т.к. в этом случае водитель осознанно нарушает данный пункт Правил. В такой ситуации вся ответственность за решение по обеспечению дорожного движения ложится на данного водителя и в случае ДТП он будет признан виновным.
В таких ситуациях следует на значительном расстоянии снизить скорость, чтобы дать возможность другому водителю оценить обстановку и понять, что он сможет совершить маневр без создания Вам помехи.
В данной ситуации перекрёсток равнозначный. Водители ТС, траектории которых пересекаются в границах перекрестка, руководствуются «правилом правой руки». Наиболее правильный ответ - допускаются оба варианта действий.
(Пункт <a href=""https://www.drom.ru/pdd/pdd/punkt_13_11/#p13_11"" target=""_blank"">13.11</a> ПДД)        "
"Как Вам следует поступить при повороте направо?<br><img src=""https://s.drom.ru/i24228/pdd/tickets/2016/1543885313.jpg""><br><ol><li>Проехать перекресток первым</li><li>Уступить дорогу только легковому автомобилю</li><li>Уступить дорогу легковому автомобилю и мотоциклу</li></ol>"	"<b>Правильный ответ: 1. Проехать перекресток первым</b><hr>
<b>Правильный ответ: 1</b>
<br/>
            Перекрёсток равнозначный. Водители руководствуются «правилом правой руки», т.е. у кого помеха справа, тот и уступает. Мотоциклист и легковой автомобиль имеют помеху справа. У Вас помехи нет, проедете перекрёсток первым, вторым - легковой автомобиль, мотоциклист - последним.
(Пункт <a href=""https://www.drom.ru/pdd/pdd/punkt_13_11/#p13_11"" target=""_blank"">13.11</a> ПДД)        "
"При повороте направо Вам следует:<br><img src=""https://s.drom.ru/i24228/pdd/tickets/2016/1543885299.jpg""><br><ol><li>Уступить дорогу легковому автомобилю</li><li>Проехать перекресток первым</li></ol>"	"<b>Правильный ответ: 2. Проехать перекресток первым</b><hr>
<b>Правильный ответ: 2</b>
<br/>
            Перекрёсток равнозначный. При определении порядка проезда перекрёстка водители руководствуются «правилом правой руки», т.е. у кого помеха справа, тот и уступает. У Вас помеха справа отсутствует, проезжаете перекрёсток первым.
(Пункт <a href=""https://www.drom.ru/pdd/pdd/punkt_13_11/#p13_11"" target=""_blank"">13.11</a> ПДД)        "
"Вы намерены повернуть налево. Ваши действия?<br><img src=""https://s.drom.ru/i24228/pdd/tickets/2016/1543885283.jpg""><br><ol><li>Проедете перекресток первым</li><li>Проедете перекресток одновременно со встречным автомобилем до проезда мотоцикла</li><li>Проедете перекресток последним</li></ol>"	"<b>Правильный ответ: 3. Проедете перекресток последним</b><hr>
<b>Правильный ответ: 3</b>
<br/>
            Перекрёсток равнозначный. Водители между собой руководствуются «правилом правой руки». У Вас помеха справа. У мотоциклиста тоже. Отсутствует помеха справа у водителя легкового автомобиля, траектория движения которого не пересекается с Вашей. Он проезжает первым, мотоциклист - вторым, Вы - последним.
(Пункт <a href=""https://www.drom.ru/pdd/pdd/punkt_13_11/#p13_11"" target=""_blank"">13.11</a> ПДД)        "
"В каком случае Вы должны уступить дорогу трамваю?<br><img src=""https://s.drom.ru/i24228/pdd/tickets/2016/1543885267.jpg""><br><ol><li>При повороте налево</li><li>При движении прямо</li><li>В обоих перечисленных случаях</li></ol>"	"<b>Правильный ответ: 3. В обоих перечисленных случаях</b><hr>
<b>Правильный ответ: 3</b>
<br/>
            Перекрёсток равнозначный. Трамвай в равнозначных условиях имеет преимущество перед безрельсовыми транспортными средствами. Вы уступаете дорогу в обоих перечисленных случаях.
(Пункт <a href=""https://www.drom.ru/pdd/pdd/punkt_13_11/#p13_11"" target=""_blank"">13.11</a> ПДД)        "
"Вы намерены проехать перекресток в прямом направлении. В данной ситуации:<br><img src=""https://s.drom.ru/i24228/pdd/tickets/2016/1543885251.jpg""><br><ol><li>Вы обязаны уступить дорогу легковому автомобилю</li><li>Вы имеете право проехать перекресток первым</li></ol>"	"<b>Правильный ответ: 2. Вы имеете право проехать перекресток первым</b><hr>
<b>Правильный ответ: 2</b>
<br/>
            Перекрёсток равнозначный. Водители руководствуются «правилом правой руки», т.е. у кого помеха справа тот и уступает. Постоянно контролируя отсутствие помехи справа, проезжаете перекрёсток первым.
(Пункты <a href=""https://www.drom.ru/pdd/pdd/punkt_13_11/#p13_11"" target=""_blank"">13.11</a>, <a href=""https://www.drom.ru/pdd/pdd/punkt_13_12/#p13_12"" target=""_blank"">13.12</a> ПДД)        "
"Кто имеет право проехать перекресток первым, если все намерены двигаться прямо?<br><img src=""https://s.drom.ru/i24228/pdd/tickets/2016/1543885233.jpg""><br><ol><li>Водитель троллейбуса</li><li>Вы вместе с водителем троллейбуса</li><li>В данной ситуации очередность проезда определяется по взаимной договоренности водителей</li></ol>"	"<b>Правильный ответ: 3. В данной ситуации очередность проезда определяется по взаимной договоренности водителей</b><hr>
<b>Правильный ответ: 3</b>
<br/>
            Перекрёсток равнозначный. Мигающий маячок жёлтого цвета водителю грузовика преимущества не предоставляет (пункт <a href=""https://www.drom.ru/pdd/pdd/punkt_3_4/#p3_4"" target=""_blank"">3.4</a> ПДД). «Правило правой руки» не применить, так как у всех помеха справа. Действительно, объяснения такой ситуации в Правилах нет. Водителям следует по договорённости обеспечить беспрепятственный проезд только одного транспортного средства, а далее начнёт действовать «правило правой руки».        "
"При повороте направо Вы должны уступить дорогу:<br><img src=""https://s.drom.ru/i24228/pdd/tickets/2016/1543885217.jpg""><br><ol><li>Только велосипедисту</li><li>Только пешеходам</li><li>Пешеходам и велосипедисту</li></ol>"	"<b>Правильный ответ: 3. Пешеходам и велосипедисту</b><hr>
<b>Правильный ответ: 3</b>
<br/>
            При повороте направо или налево водитель обязан уступить дорогу пешеходам и велосипедистам, пересекающим проезжую часть дороги, на которую он поворачивает.
Это правило проезда перекрестков касается как регулируемых, так и нерегулируемых перекрестков.
(Пункт <a href=""https://www.drom.ru/pdd/pdd/punkt_13_1/#p13_1"" target=""_blank"">13.1</a> ПДД)        "
"Кому Вы должны уступить дорогу при повороте налево?<br><img src=""https://s.drom.ru/i24228/pdd/tickets/2016/1543885201.jpg""><br><ol><li>Только легковому автомобилю</li><li>Только грузовому автомобилю</li><li>Обоим транспортным средствам</li></ol>"	"<b>Правильный ответ: 3. Обоим транспортным средствам</b><hr>
<b>Правильный ответ: 3</b>
<br/>
            Перекрёсток равнозначный. При любой его конфигурации водители руководствуются «правилом правой руки». Первым проезжает грузовик, так как у него нет помехи справа, вторым легковой автомобиль, Вы - последним.
Вам следует уступить обоим транспортным средствам.
(Пункт <a href=""https://www.drom.ru/pdd/pdd/punkt_13_11/#p13_11"" target=""_blank"">13.11</a> ПДД)        "
"Как Вам следует поступить, двигаясь по перекрестку с круговым движением?<br><img src=""https://s.drom.ru/i24228/pdd/tickets/2016/1543885185.jpg""><br><ol><li>Уступить дорогу грузовому автомобилю</li><li>Проехать перекресток первым</li><li>Действовать по взаимной договоренности с водителем грузового автомобиля</li></ol>"	"<b>Правильный ответ: 2. Проехать перекресток первым</b><hr>
<b>Правильный ответ: 2</b>
<br/>
            При выезде на перекресток с круговым движением, при отсутствии знаков приоритета, обозначенным только знаком <a href=""https://www.drom.ru/pdd/pdd/sign_4_3/"" target=""_blank"">4.3</a> «Круговое движение», правило «правой руки» НЕ РАБОТАЕТ. Вы имеете преимущество и проезжаете перекресток первым. При въезде на данный перекресток водитель грузового автомобиля обязан уступить дорогу ВСЕМ ТС, движущимся по такому перекрестку.
(Пункт <a href=""https://www.drom.ru/pdd/pdd/punkt_13_11/#p13_11_1"" target=""_blank"">13.11.1</a> ПДД)        "
"Вы должны уступить дорогу грузовому автомобилю:<br><img src=""https://s.drom.ru/i24228/pdd/tickets/2016/1543885168.jpg""><br><ol><li>Только при движении прямо</li><li>Только при повороте направо</li><li>В обоих перечисленных случаях</li></ol>"	"<b>Правильный ответ: 1. Только при движении прямо</b><hr>
<b>Правильный ответ: 1</b>
<br/>
            Перекрёсток равнозначный. Водители руководствуются «правилом правой руки». У Вас помеха справа будет только при движении прямо - Вы уступаете дорогу грузовому автомобилю. При повороте направо помеха справа отсутствует.
(Пункт <a href=""https://www.drom.ru/pdd/pdd/punkt_13_11/#p13_11"" target=""_blank"">13.11</a> ПДД)        "
"Вы намерены повернуть налево. Ваши действия?<br><img src=""https://s.drom.ru/i24228/pdd/tickets/2016/1543885152.jpg""><br><ol><li>Уступите дорогу трамваю, выполнив поворот с левой полосы</li><li>Пропустите трамвай, перестроитесь на трамвайные пути попутного направления, после чего выполните поворот</li><li>Проедете перекресток первым</li></ol>"	"<b>Правильный ответ: 1. Уступите дорогу трамваю, выполнив поворот с левой полосы</b><hr>
<b>Правильный ответ: 1</b>
<br/>
            Вы и трамвай находитесь в равнозначных условиях. Трамвай в таком случае имеет преимущество перед безрельсовыми транспортными средствами. Уступаете дорогу трамваю.
(Пункт <a href=""https://www.drom.ru/pdd/pdd/punkt_13_11/#p13_11"" target=""_blank"">13.11</a> ПДД)        "
"Вы намерены продолжить движение прямо при желтом мигающем сигнале светофора. Ваши действия?<br><img src=""https://s.drom.ru/i24228/pdd/tickets/2016/1543885135.jpg""><br><ol><li>Остановитесь и продолжите движение только после включения зеленого сигнала светофора</li><li>Уступите дорогу гужевой повозке</li><li>Проедете перекресток первым вместе со встречным автомобилем</li></ol>"	"<b>Правильный ответ: 2. Уступите дорогу гужевой повозке</b><hr>
<b>Правильный ответ: 2</b>
<br/>
            Перекрёсток при жёлтом мигающем светофоре является нерегулируемым, в данном случае равнозначным, так как знаков приоритета нет. Руководствуемся «правилом правой руки», т.е. у кого помеха справа, тот и уступает. У Вас помеха справа - проедете перекрёсток последним, уступив дорогу гужевой повозке.
(Пункты <a href=""https://www.drom.ru/pdd/pdd/punkt_13_3/#p13_3"" target=""_blank"">13.3</a>, <a href=""https://www.drom.ru/pdd/pdd/punkt_13_11/#p13_11"" target=""_blank"">13.11</a> ПДД)        "
"Вы намерены проехать перекресток в прямом направлении. Ваши действия?<br><img src=""https://s.drom.ru/i24228/pdd/tickets/2016/1543885121.jpg""><br><ol><li>Проедете перекресток вместе с трамваем, не уступая дорогу грузовому автомобилю</li><li>Проедете перекресток, уступив дорогу грузовому автомобилю</li></ol>"	"<b>Правильный ответ: 2. Проедете перекресток, уступив дорогу грузовому автомобилю</b><hr>
<b>Правильный ответ: 2</b>
<br/>
            Перекрёсток равнозначный. Трамвай на равнозначных перекрёстках имеет преимущество перед безрельсовыми транспортными средствами независимо от его дальнейшего направления движения. Безрельсовые транспортные средства руководствуются между собой «правилом правой руки», т.е. у кого помеха справа, тот и уступает дорогу. У Вас помеха справа - уступаете дорогу грузовику.
(Пункт <a href=""https://www.drom.ru/pdd/pdd/punkt_13_11/#p13_11"" target=""_blank"">13.11</a> ПДД)        "
"Вы намерены развернуться. Ваши действия?<br><img src=""https://s.drom.ru/i24228/pdd/tickets/2016/1543885107.jpg""><br><ol><li>Развернетесь первым</li><li>Выедете на перекресток и, уступив дорогу легковому автомобилю, завершите разворот</li><li>Будете действовать по взаимной договоренности с водителем легкового автомобиля</li></ol>"	"<b>Правильный ответ: 2. Выедете на перекресток и, уступив дорогу легковому автомобилю, завершите разворот</b><hr>
<b>Правильный ответ: 2</b>
<br/>
            Перекрёсток равнозначный. При определении порядка проезда перекрёстка водители руководствуются «правилом правой руки». Во время разворота у Вас будет помеха справа, уступаете дорогу.
(Пункт <a href=""https://www.drom.ru/pdd/pdd/punkt_13_11/#p13_11"" target=""_blank"">13.11</a> ПДД)        "
"Вы намерены повернуть налево. Ваши действия?<br><img src=""https://s.drom.ru/i24228/pdd/tickets/2016/1543885091.jpg""><br><ol><li>Проедете перекресток первым</li><li>Выедете на перекресток первым и, уступив дорогу мотоциклу, завершите поворот</li><li>Уступите дорогу обоим транспортным средствам</li></ol>"	"<b>Правильный ответ: 2. Выедете на перекресток первым и, уступив дорогу мотоциклу, завершите поворот</b><hr>
<b>Правильный ответ: 2</b>
<br/>
            Перекрёсток равнозначный. Водители между собой руководствуются «правилом правой руки». Первым начинаете движение Вы, поскольку в первоначальный момент не имеете помехи справа. Выкатившись на перекрёсток, перед самым поворотом налево останавливаетесь. После этого по траектории движения легкового автомобиля будет отсутствовать помеха справа - проезжает через перекрёсток первым, мотоциклист - вторым, Вы - последним.
(Пункт <a href=""https://www.drom.ru/pdd/pdd/punkt_13_11/#p13_11"" target=""_blank"">13.11</a> ПДД)        "
"Кому Вы обязаны уступить дорогу при повороте налево?<br><img src=""https://s.drom.ru/i24228/pdd/tickets/2016/1543885074.jpg""><br><ol><li>Только мотоциклу</li><li>Только легковому автомобилю</li><li>Никому</li></ol>"	"<b>Правильный ответ: 2. Только легковому автомобилю</b><hr>
<b>Правильный ответ: 2</b>
<br/>
            Перекрёсток равнозначный. Водители руководствуются «правилом правой руки». У вас помехой справа является только автомобиль, поэтому вы обязаны ему уступить дорогу.
(Пункт <a href=""https://www.drom.ru/pdd/pdd/punkt_13_11/#p13_11"" target=""_blank"">13.11</a> ПДД)        "
"Вы намерены продолжить движение прямо. Ваши действия?<br><img src=""https://s.drom.ru/i24228/pdd/tickets/2016/1543885058.jpg""><br><ol><li>Проедете перекресток первым</li><li>Уступите дорогу грузовому автомобилю, так как он приближается справа</li><li>Уступите дорогу грузовому автомобилю, так как он находится на главной дороге</li></ol>"	"<b>Правильный ответ: 2. Уступите дорогу грузовому автомобилю, так как он приближается справа</b><hr>
<b>Правильный ответ: 2</b>
<br/>
            Перекрёсток равнозначный. Водители руководствуются «правилом правой руки», т.е. у кого помеха справа, тот и уступает. У Вас помеха справа, грузовик имеет преимущество. 
(Пункт <a href=""https://www.drom.ru/pdd/pdd/punkt_13_11/#p13_11"" target=""_blank"">13.11</a> ПДД)        "
"В каком случае Вы должны пропустить трамвай?<br><img src=""https://s.drom.ru/i24228/pdd/tickets/2016/1543885045.jpg""><br><ol><li>При повороте налево, перестроившись на трамвайные пути попутного направления</li><li>При движении прямо</li><li>В обоих перечисленных случаях</li></ol>"	"<b>Правильный ответ: 3. В обоих перечисленных случаях</b><hr>
<b>Правильный ответ: 3</b>
<br/>
            Вы и трамвай находитесь на одной дороге в равнозначных условиях. В таком случае трамвай всегда имеет преимущество перед безрельсовыми транспортными средствами. Вы должны уступить дорогу трамваю в обоих перечисленных случаях.
(Пункт <a href=""https://www.drom.ru/pdd/pdd/punkt_13_11/#p13_11"" target=""_blank"">13.11</a> ПДД)        "
"При движении в каком направлении Вы будете иметь преимущество?<br><img src=""https://s.drom.ru/i24228/pdd/tickets/2016/1543885028.jpg""><br><ol><li>Только при повороте направо</li><li>Только при повороте налево</li><li>В любом направлении из перечисленных</li></ol>"	"<b>Правильный ответ: 3. В любом направлении из перечисленных</b><hr>
<b>Правильный ответ: 3</b>
<br/>
            Перекрёсток равнозначный. Водители руководствуются «правилом правой руки». У Вас помехи справа нет, в любом направлении из перечисленных. Проезжаете перекрёсток первым. 
(Пункт <a href=""https://www.drom.ru/pdd/pdd/punkt_13_11/#p13_11"" target=""_blank"">13.11</a> ПДД)        "
"При движении в каком направлении Вы обязаны уступить дорогу трамваю?<br><img src=""https://s.drom.ru/i24228/pdd/tickets/2016/1543885010.jpg""><br><ol><li>Только налево</li><li>Только прямо</li><li>В обоих перечисленных</li></ol>"	"<b>Правильный ответ: 3. В обоих перечисленных</b><hr>
<b>Правильный ответ: 3</b>
<br/>
            Перекрёсток равнозначный. Вы и трамвай находитесь в равнозначных условиях. В таком случае трамвай всегда имеет преимущество перед безрельсовыми транспортными средствами.
(Пункт <a href=""https://www.drom.ru/pdd/pdd/punkt_13_11/#p13_11"" target=""_blank"">13.11</a> ПДД)        "
"Как Вам следует поступить при повороте налево?<br><img src=""https://s.drom.ru/i24228/pdd/tickets/2016/1543884995.jpg""><br><ol><li>Уступить дорогу легковому автомобилю</li><li>Проехать перекресток первым</li></ol>"	"<b>Правильный ответ: 1. Уступить дорогу легковому автомобилю</b><hr>
<b>Правильный ответ: 1</b>
<br/>
            Перекрёсток равнозначный. Водители безрельсовых транспортных средств между собой руководствуются «правилом правой руки», т.е. у кого помеха справа, тот и уступает дорогу. У Вас помеха справа, легковой автомобиль проезжает первым.
(Пункт <a href=""https://www.drom.ru/pdd/pdd/punkt_13_11/#p13_11"" target=""_blank"">13.11</a> ПДД)        "
"При движении прямо Вы:<br><img src=""https://s.drom.ru/i24228/pdd/tickets/2016/1543884979.jpg""><br><ol><li>Имеете преимущество</li><li>Должны уступить дорогу только мотоциклу</li><li>Должны уступить дорогу только автомобилю</li><li>Должны уступить дорогу обоим транспортным средствам</li></ol>"	"<b>Правильный ответ: 2. Должны уступить дорогу только мотоциклу</b><hr>
<b>Правильный ответ: 2</b>
<br/>
            Перекрёсток равнозначный. Мигающий маячок оранжевого или жёлтого цвета на грузовике преимуществ его водителю не предоставляет. Водители руководствуются «правилом правой руки». У Вас помеха справа - мотоциклист. Вы уступаете дорогу только мотоциклисту, который начнёт первым движение, выкатится на перекрёсток. После этого Вы проедете через перекрёсток, за Вами грузовик, мотоциклист последним закончит движение.
(Пункты <a href=""https://www.drom.ru/pdd/pdd/punkt_3_4/#p3_4"" target=""_blank"">3.4</a>, <a href=""https://www.drom.ru/pdd/pdd/punkt_13_11/#p13_11"" target=""_blank"">13.11</a> ПДД)        "
"Кому Вы обязаны уступить дорогу при повороте налево?<br><img src=""https://s.drom.ru/i24231/pdd/tickets/2016/1551665095.jpg""><br><ol><li>Только автобусу</li><li>Только легковому автомобилю</li><li>Никому</li></ol>"	"<b>Правильный ответ: 3. Никому</b><hr>
<b>Правильный ответ: 3</b>
<br/>
            Перекрёсток неравнозначный. Главная дорога меняет направление. Транспортные средства, находящиеся на главной дороге, имеют преимущество, а водители между собой руководствуются «правилом правой руки». Никому не уступая, первым проезжаете Вы, вторым автобус, легковой автомобиль последним, так как он находится на второстепенной дороге.
(«Дорожные знаки», пункты <a href=""https://www.drom.ru/pdd/pdd/punkt_13_9/#p13_9"" target=""_blank"">13.9</a>, <a href=""https://www.drom.ru/pdd/pdd/punkt_13_10/#p13_10"" target=""_blank"">13.10</a>, <a href=""https://www.drom.ru/pdd/pdd/punkt_13_11/#p13_11"" target=""_blank"">13.11</a> ПДД)        "
"Обязан ли водитель мотоцикла уступить Вам дорогу?<br><img src=""https://s.drom.ru/i24228/pdd/tickets/2016/1543885597.jpg""><br><ol><li>Обязан</li><li>Не обязан</li></ol>"	"<b>Правильный ответ: 1. Обязан</b><hr>
<b>Правильный ответ: 1</b>
<br/>
            Мотоциклист выезжает на дорогу, обозначенную знаком <a href=""https://www.drom.ru/pdd/pdd/sign_5_1/"" target=""_blank"">5.1</a> «Автомагистраль», которая является главной дорогой по отношению к примыкающей. На перекрёстке неравнозначных дорог преимущество имеют транспортные средства, движущиеся по главной дороге. Мотоциклист обязан уступить Вам дорогу.
(Пункты <a href=""https://www.drom.ru/pdd/pdd/punkt_1_2/#p1_2"" target=""_blank"">1.2</a>, <a href=""https://www.drom.ru/pdd/pdd/punkt_13_9/#p13_9"" target=""_blank"">13.9</a> ПДД).        "
"Кому Вы обязаны уступить дорогу при повороте налево?<br><img src=""https://s.drom.ru/i24228/pdd/tickets/2016/1543885580.jpg""><br><ol><li>Трамваям А и Б</li><li>Трамваю А и легковому автомобилю</li><li>Только трамваю А</li><li>Никому</li></ol>"	"<b>Правильный ответ: 3. Только трамваю А</b><hr>
<b>Правильный ответ: 3</b>
<br/>
            Перекрёсток неравнозначный. Главная дорога меняет направление. Транспортные средства, находящиеся на главной дороге, имеют преимущество; между собой безрельсовые транспортные средства руководствуются «правилом правой руки», уступая трамваю, имеющему преимущество в равнозначных условиях. Трамвай «А» проезжает первым, Вы после него. Легковой автомобиль и трамвай «Б» одновременно, так как их траектории не пересекаются.
(«Дорожные знаки», пункты <a href=""https://www.drom.ru/pdd/pdd/punkt_13_9/#p13_9"" target=""_blank"">13.9</a>, <a href=""https://www.drom.ru/pdd/pdd/punkt_13_10/#p13_10"" target=""_blank"">13.10</a>, <a href=""https://www.drom.ru/pdd/pdd/punkt_13_11/#p13_11"" target=""_blank"">13.11</a> ПДД)        "
"Как Вам следует поступить при выполнении разворота?<br><img src=""https://s.drom.ru/i24228/pdd/tickets/2016/1543885564.jpg""><br><ol><li>Проехать перекресток первым</li><li>Уступить дорогу только легковому автомобилю</li><li>Уступить дорогу обоим транспортным средствам</li></ol>"	"<b>Правильный ответ: 2. Уступить дорогу только легковому автомобилю</b><hr>
<b>Правильный ответ: 2</b>
<br/>
            Перекрёсток неравнозначный. Транспортные средства, находящиеся на главной дороге, имеют преимущество. При повороте налево, развороте Вы уступаете транспортным средствам, движущимся прямо со встречного направления. В данной ситуации уступаете дорогу только легковому автомобилю. 
(Пункты <a href=""https://www.drom.ru/pdd/pdd/punkt_13_9/#p13_9"" target=""_blank"">13.9</a>, <a href=""https://www.drom.ru/pdd/pdd/punkt_13_12/#p13_12"" target=""_blank"">13.12</a> ПДД)        "
"Как Вам следует поступить при повороте налево?<br><img src=""https://s.drom.ru/i24228/pdd/tickets/2016/1543885547.jpg""><br><ol><li>Проехать перекресток первым</li><li>Уступить дорогу только грузовому автомобилю с включенным проблесковым маячком</li><li>Уступить дорогу обоим транспортным средствам</li></ol>"	"<b>Правильный ответ: 1. Проехать перекресток первым</b><hr>
<b>Правильный ответ: 1</b>
<br/>
            Перекрёсток неравнозначный. Главная дорога меняет направление. Проблесковый маячок жёлтого цвета на грузовике преимущество не предоставляет. Преимущество имеют транспортные средства, находящиеся на главной дороге. Вы проезжаете первым, после Вас проезжают автомобили, находящиеся на второстепенной дороге, которые между собой руководствуются «правилом правой руки». Легковой автомобиль проедет вторым, грузовик - последним.
(Пункты <a href=""https://www.drom.ru/pdd/pdd/punkt_3_4/#p3_4"" target=""_blank"">3.4</a>, <a href=""https://www.drom.ru/pdd/pdd/punkt_13_9/#p13_9"" target=""_blank"">13.9</a>, <a href=""https://www.drom.ru/pdd/pdd/punkt_13_10/#p13_10"" target=""_blank"">13.10</a>, <a href=""https://www.drom.ru/pdd/pdd/punkt_13_11/#p13_11"" target=""_blank"">13.11</a> ПДД)        "
"Вы намерены продолжить движение прямо. Кому Вы обязаны уступить дорогу?<br><img src=""https://s.drom.ru/i24228/pdd/tickets/2016/1543885512.jpg""><br><ol><li>Только мотоциклу</li><li>Мотоциклу и легковому автомобилю</li><li>Никому</li></ol>"	"<b>Правильный ответ: 3. Никому</b><hr>
<b>Правильный ответ: 3</b>
<br/>
            Перекрёсток неравнозначный. Главная дорога меняет направление. Транспортные средства, находящиеся на главной дороге, имеют преимущество, между собой руководствуются «правилом правой руки». После их проезда, пользуясь этим же правилом, проезжают транспортные средства, находящиеся на второстепенной дороге. Первым проезжаете Вы, никому не уступая, мотоциклист - вторым, грузовик - третьим, легковой автомобиль - последним.
(«Дорожные знаки», пункты <a href=""https://www.drom.ru/pdd/pdd/punkt_13_9/#p13_9"" target=""_blank"">13.9</a>, <a href=""https://www.drom.ru/pdd/pdd/punkt_13_10/#p13_10"" target=""_blank"">13.10</a>, <a href=""https://www.drom.ru/pdd/pdd/punkt_13_11/#p13_11"" target=""_blank"">13.11</a> ПДД)        "
"Кому Вы должны уступить дорогу при повороте налево?<br><img src=""https://s.drom.ru/i24228/pdd/tickets/2016/1543885495.jpg""><br><ol><li>Только трамваям</li><li>Трамваю Б и легковому автомобилю</li><li>Всем транспортным средствам</li></ol>"	"<b>Правильный ответ: 2. Трамваю Б и легковому автомобилю</b><hr>
<b>Правильный ответ: 2</b>
<br/>
            Перекрёсток неравнозначный. Главная дорога меняет направление. Транспортные средства, находящиеся на главной дороге, имеют преимущество. Между собой безрельсовые транспортные средства руководствуются «правилом правой руки», уступая дорогу трамваю, который в равнозначных условиях имеет перед ними преимущество. Первым проезжает трамвай «Б», после него легковой автомобиль, Вы после них. Последним проедет трамвай «А», так как он находится на второстепенной дороге.
(Пункты <a href=""https://www.drom.ru/pdd/pdd/punkt_13_9/#p13_9"" target=""_blank"">13.9</a>, <a href=""https://www.drom.ru/pdd/pdd/punkt_13_1/#p13_1"" target=""_blank"">13.1</a>, <a href=""https://www.drom.ru/pdd/pdd/punkt_13_11/#p13_11"" target=""_blank"">13.11</a> ПДД)        "
"Кому Вы обязаны уступить дорогу при повороте налево?<br><img src=""https://s.drom.ru/i24228/pdd/tickets/2016/1543885479.jpg""><br><ol><li>Только автобусу</li><li>Только легковому автомобилю</li><li>Никому</li></ol>"	"<b>Правильный ответ: 3. Никому</b><hr>
<b>Правильный ответ: 3</b>
<br/>
            Перекрёсток неравнозначный. Главная дорога меняет направление. Транспортные средства, находящиеся на главной дороге, имеют преимущество. А между собой руководствуются «правилом правой руки». У Вас помехи справа нет. Проезжаете первым, водитель легкового автомобиля после Вас, автобус последним, так как находится на второстепенной дороге.
(Пункты <a href=""https://www.drom.ru/pdd/pdd/punkt_13_9/#p13_9"" target=""_blank"">13.9</a>, <a href=""https://www.drom.ru/pdd/pdd/punkt_13_10/#p13_10"" target=""_blank"">13.10</a>, <a href=""https://www.drom.ru/pdd/pdd/punkt_13_11/#p13_11"" target=""_blank"">13.11</a> ПДД)        "
"Кому Вы должны уступить дорогу при повороте налево?<br><img src=""https://s.drom.ru/i24228/pdd/tickets/2016/1543885463.jpg""><br><ol><li>Только автобусу</li><li>Только легковому автомобилю</li><li>Никому</li></ol>"	"<b>Правильный ответ: 3. Никому</b><hr>
<b>Правильный ответ: 3</b>
<br/>
            Перекрёсток неравнозначный. Главная дорога меняет направление. Преимуществом пользуются транспортные средства, находящиеся на главной дороге, которые между собой руководствуются «правилом правой руки». Вы проезжаете первым, так как для легкового автомобиля Вы являетесь помехой справа, а автобус находится на второстепенной дороге.
(Пункты <a href=""https://www.drom.ru/pdd/pdd/punkt_13_3/#p13_3"" target=""_blank"">13.3</a>, <a href=""https://www.drom.ru/pdd/pdd/punkt_13_10/#p13_10"" target=""_blank"">13.10</a> ПДД)        "
"Вы намерены продолжить движение прямо. При желтом мигающем сигнале светофора следует:<br><img src=""https://s.drom.ru/i24228/pdd/tickets/2016/1543885448.jpg""><br><ol><li>Проехать перекресток первым</li><li>Уступить дорогу только грузовому автомобилю</li><li>Уступить дорогу только трамваю</li><li>Уступить дорогу обоим транспортным средствам</li></ol>"	"<b>Правильный ответ: 1. Проехать перекресток первым</b><hr>
<b>Правильный ответ: 1</b>
<br/>
            При жёлтом мигающем сигнале светофора перекрёсток является нерегулируемым. Согласно знакам приоритета - неравнозначным. Транспортные средства, находящиеся на главной дороге, имеют преимущество. Вы проезжаете первым, никому не уступая, так как трамвай и грузовик находятся на второстепенной дороге.
(Пункты <a href=""https://www.drom.ru/pdd/pdd/punkt_13_3/#p13_3"" target=""_blank"">13.3</a>, <a href=""https://www.drom.ru/pdd/pdd/punkt_13_9/#p13_9"" target=""_blank"">13.9</a> ПДД)        "
"Вы намерены продолжить движение прямо. Ваши действия при желтом мигающем сигнале светофора?<br><img src=""https://s.drom.ru/i24228/pdd/tickets/2016/1543885430.jpg""><br><ol><li>Уступите дорогу обоим транспортным средствам</li><li>Уступите дорогу только трамваю</li><li>Уступите дорогу только автомобилю</li><li>Проедете первым</li></ol>"	"<b>Правильный ответ: 3. Уступите дорогу только автомобилю</b><hr>
<b>Правильный ответ: 3</b>
<br/>
            При жёлтом мигающем сигнале светофора перекрёсток является нерегулируемым, неравнозначным. Главная дорога меняет направление. Преимущество имеют транспортные средства, находящиеся на главной дороге, которые между собой руководствуются «правилом правой руки», т.е. у кого помеха справа, тот и уступает. У Вас помеха справа, уступаете дорогу только легковому автомобилю.
(«Дорожные знаки», пункты <a href=""https://www.drom.ru/pdd/pdd/punkt_13_3/#p13_3"" target=""_blank"">13.3</a>, <a href=""https://www.drom.ru/pdd/pdd/punkt_13_9/#p13_9"" target=""_blank"">13.9</a>, <a href=""https://www.drom.ru/pdd/pdd/punkt_13_10/#p13_10"" target=""_blank"">13.10</a>, <a href=""https://www.drom.ru/pdd/pdd/punkt_13_11/#p13_11"" target=""_blank"">13.11</a> ПДД)        "
"Можете ли Вы в данной ситуации приступить к повороту налево?<br><img src=""https://s.drom.ru/i24228/pdd/tickets/2016/1543885412.jpg""><br><ol><li>Можете</li><li>Можете, только убедившись в том, что не создадите помех встречному автомобилю, выполняющему поворот налево</li><li>Не можете</li></ol>"	"<b>Правильный ответ: 2. Можете, только убедившись в том, что не создадите помех встречному автомобилю, выполняющему поворот налево</b><hr>
<b>Правильный ответ: 2</b>
<br/>
            Перекрёсток неравнозначный. Транспортные средства, находящиеся на главной дороге, имеют преимущество. Но так как Ваша траектория движения не пересекается с грузовиком, можете совершить движение через перекрёсток одновременно, при этом Вы должны учитывать преимущество грузовика, т.е. не создавать ему помех.
(«Дорожные знаки», пункты <a href=""https://www.drom.ru/pdd/pdd/punkt_1_2/#p1_2"" target=""_blank"">1.2</a> термин «Уступить дорогу», <a href=""https://www.drom.ru/pdd/pdd/punkt_13_9/#p13_9"" target=""_blank"">13.9</a> ПДД)        "
"При повороте налево Вы:<br><img src=""https://s.drom.ru/i24228/pdd/tickets/2016/1543885396.jpg""><br><ol><li>Имеете преимущество</li><li>Должны уступить дорогу только автобусу</li><li>Должны уступить дорогу легковому автомобилю и автобусу</li></ol>"	"<b>Правильный ответ: 2. Должны уступить дорогу только автобусу</b><hr>
<b>Правильный ответ: 2</b>
<br/>
            Перекрёсток неравнозначный. Преимущество имеют транспортные средства, находящиеся на главной дороге. При повороте налево следует уступить дорогу транспортным средствам, движущимся прямо со встречного направления. Вы должны уступить только автобусу.
(Пункты <a href=""https://www.drom.ru/pdd/pdd/punkt_13_9/#p13_9"" target=""_blank"">13.9</a>, <a href=""https://www.drom.ru/pdd/pdd/punkt_13_12/#p13_12"" target=""_blank"">13.12</a> ПДД)        "
"Кому Вы должны уступить дорогу при повороте налево?<br><img src=""https://s.drom.ru/i24228/pdd/tickets/2016/1543885380.jpg""><br><ol><li>Только автобусу</li><li>Только легковому автомобилю</li><li>Никому</li></ol>"	"<b>Правильный ответ: 1. Только автобусу</b><hr>
<b>Правильный ответ: 1</b>
<br/>
            Перекрёсток неравнозначный. Главная дорога меняет направление. Транспортные средства, находящиеся на главной дороге, имеют преимущество, между собой руководствуются «правилом правой руки». У Вас помеха справа, уступаете автобусу. Легковой автомобиль проедет последним, так как находится на второстепенной дороге.
(Пункты <a href=""https://www.drom.ru/pdd/pdd/punkt_13_9/#p13_9"" target=""_blank"">13.9</a>, <a href=""https://www.drom.ru/pdd/pdd/punkt_13_10/#p13_10"" target=""_blank"">13.10</a>, <a href=""https://www.drom.ru/pdd/pdd/punkt_13_11/#p13_11"" target=""_blank"">13.11</a> ПДД)        "
"Кому Вы обязаны уступить дорогу при повороте налево?<br><img src=""https://s.drom.ru/i24228/pdd/tickets/2016/1543885363.jpg""><br><ol><li>Только автобусу</li><li>Только легковому автомобилю</li><li>Обоим транспортным средствам</li></ol>"	"<b>Правильный ответ: 3. Обоим транспортным средствам</b><hr>
<b>Правильный ответ: 3</b>
<br/>
            Перекрёсток неравнозначный. Преимущество имеют транспортные средства, находящиеся на главной дороге. Вы находитесь на второстепенной дороге и уступаете обоим транспортным средствам, независимо от направления их дальнейшего движения.
(«Дорожные знаки», пункт <a href=""https://www.drom.ru/pdd/pdd/punkt_13_9/#p13_9"" target=""_blank"">13.9</a> ПДД)        "
"После въезда на этот перекресток:<br><img src=""https://s.drom.ru/i24228/pdd/tickets/2016/1543885345.jpg""><br><ol><li>Вы должны уступить дорогу легковому автомобилю, въезжающему на него</li><li>Вы будете иметь преимущество перед легковым автомобилем, въезжающим на него</li><li>Вам следует действовать по взаимной договоренности с водителем легкового автомобиля</li></ol>"	"<b>Правильный ответ: 2. Вы будете иметь преимущество перед легковым автомобилем, въезжающим на него</b><hr>
<b>Правильный ответ: 2</b>
<br/>
            В случае если перед перекрестком с круговым движением установлен знак <a href=""https://www.drom.ru/pdd/pdd/sign_4_3/"" target=""_blank"">4.3</a> «Круговое движение» правило «правой руки» не работает. Водитель ТС, находящийся на перекрестке пользуется преимуществом перед выезжающим на такой перекресток ТС.
(«Дорожные знаки», пункт <a href=""https://www.drom.ru/pdd/pdd/punkt_13_11/#p13_11_1"" target=""_blank"">13.11.1</a> ПДД)        "
"Вы намерены проехать перекресток в прямом направлении. В данной ситуации:<br><img src=""https://s.drom.ru/i24228/pdd/tickets/2016/1543885329.jpg""><br><ol><li>Вы обязаны уступить дорогу грузовому автомобилю</li><li>Вы имеете право проехать перекресток первым</li></ol>"	"<b>Правильный ответ: 2. Вы имеете право проехать перекресток первым</b><hr>
<b>Правильный ответ: 2</b>
<br/>
            Перекрёсток неравнозначный. Специальный жёлтый мигающий сигнал на грузовике преимуществ не предоставляет. Транспортные средства находятся на равнозначной дороге. При повороте налево водитель грузовика обязан уступить дорогу Вам, движущемуся прямо со встречного направления.
Проезжаете перекресток первым.
(«Дорожные знаки», пункты <a href=""https://www.drom.ru/pdd/pdd/punkt_3_4/#p3_4"" target=""_blank"">3.4</a>, <a href=""https://www.drom.ru/pdd/pdd/punkt_13_12/#p13_12"" target=""_blank"">13.12</a> ПДД)        "
Если невозможно определить наличие покрытия на дороге (темное время суток, грязь, снег и тому подобное), а знаков приоритета нет, то:<br><br><ol><li>Вы имеете право считать, что находитесь на главной дороге</li><li>Вам следует считать, что находитесь на равнозначной дороге</li><li>Вы должны считать, что находитесь на второстепенной дороге</li></ol>	"<b>Правильный ответ: 3. Вы должны считать, что находитесь на второстепенной дороге</b><hr>
<b>Правильный ответ: 3</b>
<br/>
            Если покрытие невозможно определить (темное время суток, грязь, снег и тому подобное), а знаков приоритета нет, то следует считать себя находящимся на второстепенной дороге.
(Дорожные знаки, пункт <a href=""https://www.drom.ru/pdd/pdd/punkt_13_13/#p13_13"" target=""_blank"">13.13</a> ПДД)        "
"Кому Вы обязаны уступить дорогу?<br><img src=""https://s.drom.ru/i24228/pdd/tickets/2016/1543885298.jpg""><br><ol><li>Автобусу и мотоциклу</li><li>Легковому автомобилю и автобусу</li><li>Всем транспортным средствам</li></ol>"	"<b>Правильный ответ: 3. Всем транспортным средствам</b><hr>
<b>Правильный ответ: 3</b>
<br/>
            Перекрёсток неравнозначный. Главная дорога меняет направление. Транспортные средства, находящиеся на главной дороге, имеют преимущество, между собой руководствуются «правилом правой руки». После их проезда этим же правилом пользуются транспортные средства, находящиеся на второстепенной дороге. Первым проезжает мотоциклист, вторым - автобус, далее легковой автомобиль. Вы последним, уступив всем транспортным средствам.
(«Дорожные знаки», пункты <a href=""https://www.drom.ru/pdd/pdd/punkt_13_9/#p13_9"" target=""_blank"">13.9</a>, <a href=""https://www.drom.ru/pdd/pdd/punkt_13_10/#p13_10"" target=""_blank"">13.10</a>, <a href=""https://www.drom.ru/pdd/pdd/punkt_13_11/#p13_11"" target=""_blank"">13.11</a> ПДД)        "
"Как Вам следует поступить при движении в прямом направлении?<br><img src=""https://s.drom.ru/i24228/pdd/tickets/2016/1543885281.jpg""><br><ol><li>Уступить дорогу грузовому автомобилю, выезжающему с грунтовой дороги</li><li>Проехать перекресток первым</li></ol>"	"<b>Правильный ответ: 2. Проехать перекресток первым</b><hr>
<b>Правильный ответ: 2</b>
<br/>
            В прямом направлении дорога с твердым покрытием. Грузовик будет выезжать на перекресток с грунтовой дороги, которая в данной ситуации является второстепенной. Перекресток неравнозначный. Вы двигаетесь по главной дороге, поэтому проезжаете перекресток первым.
(Пункты <a href=""https://www.drom.ru/pdd/pdd/punkt_1_2/#p1_2"" target=""_blank"">1.2</a> термин «Главная дорога», <a href=""https://www.drom.ru/pdd/pdd/punkt_13_9/#p13_9"" target=""_blank"">13.9</a> ПДД)        "
"Вы намерены повернуть направо. Можете ли Вы приступить к повороту?<br><img src=""https://s.drom.ru/i24228/pdd/tickets/2016/1543885266.jpg""><br><ol><li>Можете</li><li>Можете, когда убедитесь, что при этом не будут созданы помехи грузовому автомобилю</li><li>Не можете</li></ol>"	"<b>Правильный ответ: 2. Можете, когда убедитесь, что при этом не будут созданы помехи грузовому автомобилю</b><hr>
<b>Правильный ответ: 2</b>
<br/>
            При повороте направо Вы должны двигаться по возможности ближе к правому краю проезжей части, т.е. по крайней правой полосе, которая свободна. Если Вы убеждены, что не создадите помеху находящемуся на главной дороге и имеющему преимущество грузовому автомобилю, выезжаете на перекрёсток, не дожидаясь его проезда через перекрёсток, так как знак <a href=""https://www.drom.ru/pdd/pdd/sign_2_4/"" target=""_blank"">2.4</a> «Уступите дорогу» не предписывает совершать обязательную остановку перед пересечением.
(Пункты <a href=""https://www.drom.ru/pdd/pdd/punkt_1_2/#p1_2"" target=""_blank"">1.2</a> термин «Уступить дорогу», <a href=""https://www.drom.ru/pdd/pdd/punkt_13_9/#p13_9"" target=""_blank"">13.9</a> ПДД, «Дорожные знаки»)        "
"Кому Вы обязаны уступить дорогу при повороте налево?<br><img src=""https://s.drom.ru/i24228/pdd/tickets/2016/1543885249.jpg""><br><ol><li>Обоим транспортным средствам</li><li>Только автобусу</li><li>Только легковому автомобилю</li><li>Никому</li></ol>"	"<b>Правильный ответ: 2. Только автобусу</b><hr>
<b>Правильный ответ: 2</b>
<br/>
            Перекрёсток неравнозначный. Главная дорога меняет направление. Транспортные средства, находящиеся на главной дороге, имеют преимущество, между собой руководствуются «правилом правой руки». У Вас помеха справа - уступаете автобусу.
(Пункты <a href=""https://www.drom.ru/pdd/pdd/punkt_13_9/#p13_9"" target=""_blank"">13.9</a>, <a href=""https://www.drom.ru/pdd/pdd/punkt_13_10/#p13_10"" target=""_blank"">13.10</a>, <a href=""https://www.drom.ru/pdd/pdd/punkt_13_11/#p13_11"" target=""_blank"">13.11</a> ПДД)        "
"В каком случае Вы обязаны уступить дорогу пешеходам?<br><img src=""https://s.drom.ru/i24228/pdd/tickets/2016/1543885232.jpg""><br><ol><li>Только при повороте налево</li><li>Только при повороте направо</li><li>В обоих случаях</li></ol>"	"<b>Правильный ответ: 3. В обоих случаях</b><hr>
<b>Правильный ответ: 3</b>
<br/>
            При проезде любых перекрёстков с поворотом налево или направо водитель обязан уступить дорогу пешеходам, переходящим проезжую часть дороги, на которую он поворачивает.
(Пункт <a href=""https://www.drom.ru/pdd/pdd/punkt_13_1/#p13_1"" target=""_blank"">13.1</a> ПДД)        "
"Вы намерены повернуть налево. Кому Вы обязаны уступить дорогу?<br><img src=""https://s.drom.ru/i24228/pdd/tickets/2016/1543885216.jpg""><br><ol><li>Никому</li><li>Только легковому автомобилю</li><li>Легковому автомобилю и автобусу</li><li>Всем транспортным средствам</li></ol>"	"<b>Правильный ответ: 2. Только легковому автомобилю</b><hr>
<b>Правильный ответ: 2</b>
<br/>
            Перекрёсток неравнозначный. Транспортные средства, находящиеся на главной дороге, имеют преимущество. Между собой руководствуются «правилом правой руки». После их проезда, руководствуясь тем же правилом, проедут транспортные средства, находящиеся на второстепенной дороге. Первым проезжает перекрёсток легковой автомобиль, Вы - вторым, мотоциклист - третьим, автобус - последним.
(Пункты <a href=""https://www.drom.ru/pdd/pdd/punkt_13_9/#p13_9"" target=""_blank"">13.9</a>, <a href=""https://www.drom.ru/pdd/pdd/punkt_13_10/#p13_10"" target=""_blank"">13.10</a>, <a href=""https://www.drom.ru/pdd/pdd/punkt_13_11/#p13_11"" target=""_blank"">13.11</a> ПДД)        "
"При движении прямо Вы обязаны уступить дорогу:<br><img src=""https://s.drom.ru/i24228/pdd/tickets/2016/1543885200.jpg""><br><ol><li>Только легковому автомобилю</li><li>Автобусу и легковому автомобилю</li><li>Всем транспортным средствам</li></ol>"	"<b>Правильный ответ: 2. Автобусу и легковому автомобилю</b><hr>
<b>Правильный ответ: 2</b>
<br/>
            Перекрёсток неравнозначный. Главная дорога меняет направление. Преимущество имеют транспортные средства, находящиеся на главной дороге. После их проезда проезжают транспортные средства, находящиеся на второстепенной дороге, которые между собой руководствуются «правилом правой руки», т.е. у кого помеха справа, тот и уступает. Помеха справа у мотоциклиста, он уступает Вам. Транспортные средства проедут перекрёсток в следующем порядке: автобус, легковой автомобиль, Вы, мотоциклист.
(«Дорожные знаки», пункты <a href=""https://www.drom.ru/pdd/pdd/punkt_13_9/#p13_9"" target=""_blank"">13.9</a>, <a href=""https://www.drom.ru/pdd/pdd/punkt_13_10/#p13_10"" target=""_blank"">13.10</a> ПДД)        "
"Кому Вы обязаны уступить дорогу при повороте налево?<br><img src=""https://s.drom.ru/i24228/pdd/tickets/2016/1543885184.jpg""><br><ol><li>Только легковому автомобилю</li><li>Легковому автомобилю и автобусу</li><li>Всем транспортным средствам</li></ol>"	"<b>Правильный ответ: 2. Легковому автомобилю и автобусу</b><hr>
<b>Правильный ответ: 2</b>
<br/>
            Перекрёсток неравнозначный. Главная дорога меняет направление. Преимущество имеют транспортные средства, находящиеся на главной дороге. После их проезда проезжают транспортные средства, находящиеся на второстепенной дороге, которые между собой руководствуются «правилом правой руки», т.е. у кого помеха справа, тот и уступает. Помеха справа у мотоциклиста, он уступает Вам. Транспортные средства проедут перекрёсток в следующем порядке: автобус, легковой автомобиль, Вы, мотоциклист.
(«Дорожные знаки», пункты <a href=""https://www.drom.ru/pdd/pdd/punkt_13_9/#p13_9"" target=""_blank"">13.9</a>, <a href=""https://www.drom.ru/pdd/pdd/punkt_13_10/#p13_10"" target=""_blank"">13.10</a> ПДД)        "
"Вы намерены развернуться. Кому Вам необходимо уступить дорогу?<br><img src=""https://s.drom.ru/i24228/pdd/tickets/2016/1543885167.jpg""><br><ol><li>Только грузовому автомобилю</li><li>Только легковому автомобилю</li><li>Обоим транспортным средствам</li></ol>"	"<b>Правильный ответ: 1. Только грузовому автомобилю</b><hr>
<b>Правильный ответ: 1</b>
<br/>
            Перекрёсток неравнозначный. Главная дорога меняет направление. Транспортные средства, находящиеся на главной дороге, имеют преимущество перед остальными независимо от их дальнейшего направления движения. Между собой руководствуются «правилом правой руки». Грузовик проезжает первым, Вы после него, легковой автомобиль - последним.
(Пункты <a href=""https://www.drom.ru/pdd/pdd/punkt_13_9/#p13_9"" target=""_blank"">13.9</a>, <a href=""https://www.drom.ru/pdd/pdd/punkt_13_10/#p13_10"" target=""_blank"">13.10</a>, <a href=""https://www.drom.ru/pdd/pdd/punkt_13_11/#p13_11"" target=""_blank"">13.11</a> ПДД)        "
"Кому Вы обязаны уступить дорогу при движении в прямом направлении?<br><img src=""https://s.drom.ru/i24228/pdd/tickets/2016/1543885150.jpg""><br><ol><li>Только легковому автомобилю</li><li>Только автобусу</li><li>Обоим транспортным средствам</li></ol>"	"<b>Правильный ответ: 3. Обоим транспортным средствам</b><hr>
<b>Правильный ответ: 3</b>
<br/>
            Перекрёсток неравнозначный. Главная дорога меняет направление. Преимущество имеют транспортные средства, находящиеся на главной дороге. Между собой они руководствуются «правилом правой руки», т.е. у кого помеха справа, тот и уступает. Вы находитесь на второстепенной дороге - уступаете обоим транспортным средствам.
(«Дорожные знаки» <a href=""https://www.drom.ru/pdd/pdd/sign_2_4/"" target=""_blank"">2.4</a>, <a href=""https://www.drom.ru/pdd/pdd/sign_8_13/"" target=""_blank"">8.13</a>, пункты <a href=""https://www.drom.ru/pdd/pdd/punkt_13_9/#p13_9"" target=""_blank"">13.9</a>, <a href=""https://www.drom.ru/pdd/pdd/punkt_13_10/#p13_10"" target=""_blank"">13.10</a> ПДД)        "
"Вы намерены повернуть налево. Кому Вы обязаны уступить дорогу?<br><img src=""https://s.drom.ru/i24228/pdd/tickets/2016/1543885134.jpg""><br><ol><li>Легковому автомобилю и автобусу</li><li>Только автобусу</li><li>Только мотоциклу</li><li>Никому</li></ol>"	"<b>Правильный ответ: 4. Никому</b><hr>
<b>Правильный ответ: 4</b>
<br/>
            Перекрёсток неравнозначный. Главная дорога меняет направление. Транспортные средства, находящиеся на главной дороге, имеют преимущество, между собой руководствуются «правилом правой руки». После их проезда, руководствуясь этим же правилом, проедут транспортные средства, находящиеся на второстепенной дороге. Вы проезжаете первым, никому не уступая. Мотоциклист - вторым, автобус - третьим, легковой автомобиль - последним.
(Пункты <a href=""https://www.drom.ru/pdd/pdd/punkt_13_9/#p13_9"" target=""_blank"">13.9</a>, <a href=""https://www.drom.ru/pdd/pdd/punkt_13_1/#p13_1"" target=""_blank"">13.1</a>, <a href=""https://www.drom.ru/pdd/pdd/punkt_13_11/#p13_11"" target=""_blank"">13.11</a> ПДД)        "
"Кому Вы обязаны уступить дорогу при движении прямо?<br><img src=""https://s.drom.ru/i24228/pdd/tickets/2016/1543885119.jpg""><br><ol><li>Только мотоциклу</li><li>Мотоциклу и легковому автомобилю</li><li>Автобусу и мотоциклу</li><li>Всем транспортным средствам</li></ol>"	"<b>Правильный ответ: 4. Всем транспортным средствам</b><hr>
<b>Правильный ответ: 4</b>
<br/>
            Перекрёсток неравнозначный. Главная дорога меняет направление. Транспортные средства, находящиеся на главной дороге имеют преимущество, между собой руководствуются «правилом правой руки». После них, руководствуясь этим же правилом, проезжают перекрёсток транспортные средства, находящиеся на второстепенной дороге. Первым проедет мотоциклист, вторым - автобус, третьим - легковой автомобиль. Вы последним, уступив всем транспортным средствам.
(Пункты <a href=""https://www.drom.ru/pdd/pdd/punkt_13_9/#p13_9"" target=""_blank"">13.9</a>, <a href=""https://www.drom.ru/pdd/pdd/punkt_13_10/#p13_10"" target=""_blank"">13.10</a>, <a href=""https://www.drom.ru/pdd/pdd/punkt_13_11/#p13_11"" target=""_blank"">13.11</a> ПДД)        "
"Кому Вы обязаны уступить дорогу при движении прямо?<br><img src=""https://s.drom.ru/i24228/pdd/tickets/2016/1543885105.jpg""><br><ol><li>Только трамваю</li><li>Только легковому автомобилю</li><li>Трамваю и легковому автомобилю</li><li>Всем транспортным средствам</li></ol>"	"<b>Правильный ответ: 3. Трамваю и легковому автомобилю</b><hr>
<b>Правильный ответ: 3</b>
<br/>
            Перекрёсток неравнозначный. Главная дорога меняет направление. Преимущество имеют транспортные средства, находящиеся на главной дороге, при этом безрельсовые транспортные средства между собой руководствуются «правилом правой руки», уступая трамваю, находящемуся с ними в равнозначных условиях. Вы уступаете дорогу трамваю и легковому автомобилю, которые проедут перекрёсток одновременно, так как их траектории движения не пересекаются. Мотоциклист уступает всем, потому что находится на второстепенной дороге.
(«Дорожные знаки», пункты <a href=""https://www.drom.ru/pdd/pdd/punkt_13_9/#p13_9"" target=""_blank"">13.9</a>, <a href=""https://www.drom.ru/pdd/pdd/punkt_13_10/#p13_10"" target=""_blank"">13.10</a>, <a href=""https://www.drom.ru/pdd/pdd/punkt_13_11/#p13_11"" target=""_blank"">13.11</a> ПДД)        "
"Вы обязаны уступить дорогу при движении прямо:<br><img src=""https://s.drom.ru/i24228/pdd/tickets/2016/1543885090.jpg""><br><ol><li>Только легковому автомобилю</li><li>Только грузовому автомобилю</li><li>Обоим транспортным средствам</li></ol>"	"<b>Правильный ответ: 3. Обоим транспортным средствам</b><hr>
<b>Правильный ответ: 3</b>
<br/>
            Перекрёсток неравнозначный. Главная дорога меняет направление. Преимущество имеют транспортные средства, находящиеся на главной дороге, которые между собой руководствуются «правилом правой руки». Вы находитесь на второстепенной дороге, уступаете дорогу обоим транспортным средствам.
(«Дорожные знаки» <a href=""https://www.drom.ru/pdd/pdd/sign_2_4/"" target=""_blank"">2.4</a>, <a href=""https://www.drom.ru/pdd/pdd/sign_8_13/"" target=""_blank"">8.13</a>; пункты <a href=""https://www.drom.ru/pdd/pdd/punkt_13_9/#p13_9"" target=""_blank"">13.9</a>, <a href=""https://www.drom.ru/pdd/pdd/punkt_13_10/#p13_10"" target=""_blank"">13.10</a>, <a href=""https://www.drom.ru/pdd/pdd/punkt_13_11/#p13_11"" target=""_blank"">13.11</a> ПДД)        "
"Вы намерены повернуть налево. Ваши действия?<br><img src=""https://s.drom.ru/i24228/pdd/tickets/2016/1543885073.jpg""><br><ol><li>Уступите дорогу обоим транспортным средствам</li><li>Уступите дорогу только легковому автомобилю</li><li>Уступите дорогу только автобусу</li></ol>"	"<b>Правильный ответ: 1. Уступите дорогу обоим транспортным средствам</b><hr>
<b>Правильный ответ: 1</b>
<br/>
            Перекрёсток неравнозначный. Главная дорога меняет направление. Преимущество имеют транспортные средства, находящиеся на главной дороге, которые между собой руководствуются «правилом правой руки». После их проезда, проезжают транспортные средства, находящиеся на второстепенной дороге. Вы находитесь на второстепенной дороге. Уступаете обоим транспортным средствам.
(Пункты <a href=""https://www.drom.ru/pdd/pdd/punkt_13_9/#p13_9"" target=""_blank"">13.9</a>, <a href=""https://www.drom.ru/pdd/pdd/punkt_13_10/#p13_10"" target=""_blank"">13.10</a>, <a href=""https://www.drom.ru/pdd/pdd/punkt_13_11/#p13_11"" target=""_blank"">13.11</a> ПДД)        "
"Кому Вы обязаны уступить дорогу при повороте налево?<br><img src=""https://s.drom.ru/i24228/pdd/tickets/2016/1543885057.jpg""><br><ol><li>Обоим транспортным средствам</li><li>Автомобилю с включенными проблесковым маячком и специальным звуковым сигналом</li><li>Никому</li></ol>"	"<b>Правильный ответ: 2. Автомобилю с включенными проблесковым маячком и специальным звуковым сигналом</b><hr>
<b>Правильный ответ: 2</b>
<br/>
            Бесспорно преимущество имеет «оперативник» с мигалкой синего цвета и включенной сиреной. Все остальные обязаны обеспечить ему беспрепятственный проезд перекрёстка. После его проезда проезжаете Вы, так как находитесь на главной дороге и имеете преимущество перед грузовиком, находящимся на второстепенной дороге.
(Пункты <a href=""https://www.drom.ru/pdd/pdd/punkt_3_1/#p3_1"" target=""_blank"">3.1</a>, <a href=""https://www.drom.ru/pdd/pdd/punkt_13_9/#p13_9"" target=""_blank"">13.9</a> ПДД)        "
"Как Вам следует поступить при повороте налево?<br><img src=""https://s.drom.ru/i24228/pdd/tickets/2016/1543885044.jpg""><br><ol><li>Уступить дорогу обоим транспортным средствам</li><li>Уступить дорогу только грузовому автомобилю</li><li>Проехать перекресток первым</li></ol>"	"<b>Правильный ответ: 2. Уступить дорогу только грузовому автомобилю</b><hr>
<b>Правильный ответ: 2</b>
<br/>
            Перекрёсток нерегулируемый, неравнозначный. Преимущество имеют транспортные средства, находящиеся на главной дороге, которые между собой руководствуются «правилом правой руки». После проезжают перекрёсток транспортные средства, находящиеся на второстепенной дороге. Первым проезжает грузовик, Вы ему уступаете. Последним проедет легковой автомобиль.
(Пункты <a href=""https://www.drom.ru/pdd/pdd/punkt_13_3/#p13_3"" target=""_blank"">13.3</a>, <a href=""https://www.drom.ru/pdd/pdd/punkt_13_9/#p13_9"" target=""_blank"">13.9</a>, <a href=""https://www.drom.ru/pdd/pdd/punkt_13_12/#p13_12"" target=""_blank"">13.12</a> ПДД)        "
"Вы намерены продолжить движение прямо. Ваши действия?<br><img src=""https://s.drom.ru/i24228/pdd/tickets/2016/1543885026.jpg""><br><ol><li>Проедете перекресток первым</li><li>Уступите дорогу трамваю</li></ol>"	"<b>Правильный ответ: 2. Уступите дорогу трамваю</b><hr>
<b>Правильный ответ: 2</b>
<br/>
            Перекрёсток неравнозначный. Вы и трамвай находитесь на главной дороге. «Правило правой руки» в этом случае не работает. Трамвай в равнозначных условиях имеет преимущество перед безрельсовыми транспортными средствами. Уступаете дорогу трамваю.
(Пункт <a href=""https://www.drom.ru/pdd/pdd/punkt_13_11/#p13_11"" target=""_blank"">13.11</a> ПДД, «Дорожные знаки»)        "
"Вы намерены повернуть направо. Можете ли Вы приступить к повороту?<br><img src=""https://s.drom.ru/i24228/pdd/tickets/2016/1543885009.jpg""><br><ol><li>Можете</li><li>Можете после того, как грузовой автомобиль начнет поворот налево</li><li>Не можете</li></ol>"	"<b>Правильный ответ: 2. Можете после того, как грузовой автомобиль начнет поворот налево</b><hr>
<b>Правильный ответ: 2</b>
<br/>
            Перекрёсток неравнозначный. Знак <a href=""https://www.drom.ru/pdd/pdd/sign_2_4/"" target=""_blank"">2.4</a> обязывает Вас уступить дорогу транспортным средствам, движущимся по пересекаемой дороге.
Только после того как убедитесь, что грузовой автомобиль действительно поворачивает налево и Ваше движение не может создать ему помеху, выезжаете на перекрёсток, чтобы совершить поворот направо.
(Пункты <a href=""https://www.drom.ru/pdd/pdd/punkt_1_2/#p1_2"" target=""_blank"">1.2</a>, <a href=""https://www.drom.ru/pdd/pdd/punkt_13_9/#p13_9"" target=""_blank"">13.9</a> ПДД, «Дорожные знаки»)        "
"Кому Вы должны уступить дорогу при движении прямо?<br><img src=""https://s.drom.ru/i24228/pdd/tickets/2016/1543884994.jpg""><br><ol><li>Легковому автомобилю и мотоциклу</li><li>Только легковому автомобилю</li><li>Никому</li></ol>"	"<b>Правильный ответ: 2. Только легковому автомобилю</b><hr>
<b>Правильный ответ: 2</b>
<br/>
            Перекрёсток неравнозначный. Главная дорога меняет направление. Первоначально проезжают перекрёсток транспортные средства, находящиеся на главной дороге. Они имеют преимущество. Между собой они руководствуются «правилом правой руки». У Вас помеха справа, уступаете только легковому автомобилю.
(Пункты <a href=""https://www.drom.ru/pdd/pdd/punkt_13_9/#p13_9"" target=""_blank"">13.9</a>, <a href=""https://www.drom.ru/pdd/pdd/punkt_13_10/#p13_10"" target=""_blank"">13.10</a>, <a href=""https://www.drom.ru/pdd/pdd/punkt_13_11/#p13_11"" target=""_blank"">13.11</a> ПДД)        "
"Кому Вы обязаны уступить дорогу при повороте налево?<br><img src=""https://s.drom.ru/i24228/pdd/tickets/2016/1543884977.jpg""><br><ol><li>Только автобусу</li><li>Только грузовому автомобилю</li><li>Обоим транспортным средствам</li></ol>"	"<b>Правильный ответ: 3. Обоим транспортным средствам</b><hr>
<b>Правильный ответ: 3</b>
<br/>
            Перед Вами знак <a href=""https://www.drom.ru/pdd/pdd/sign_2_4/"" target=""_blank"">2.4</a> «Уступите дорогу». Уступаете дорогу транспортным средствам, движущимся по пересекаемой дороге, в данной ситуации обоим транспортным средствам.
(Пункт <a href=""https://www.drom.ru/pdd/pdd/punkt_13_9/#p13_9"" target=""_blank"">13.9</a> ПДД, «Дорожные знаки»)        "
