"Вам разрешено выполнить разворот:<br><img src=""https://s.drom.ru/i24228/pdd/tickets/2016/1543885040.jpg""><br><ol><li>Только по траектории А</li><li>Только по траектории Б</li><li>По любой траектории из указанных</li></ol>"	"<b>Правильный ответ: 2. Только по траектории Б</b><hr>
<b>Правильный ответ: 2</b>
<br/>
            Движение на перекрёстке, обозначенном знаком <a href=""https://www.drom.ru/pdd/pdd/sign_4_3/"" target=""_blank"">4.3</a> «Круговое движение», организовано по кругу в направлении стрелок. Траектория «А» проходит во встречном направлении, что недопустимо. Для разворота следует выехать на перекрёсток и совершить «круг почета». Разворот можно совершить только по траектории «Б».
(«Дорожные знаки»)        "
"Вы имеете право продолжить движение на перекрестке:<br><img src=""https://s.drom.ru/i24228/pdd/tickets/2016/1543885007.jpg""><br><ol><li>Только в направлении В</li><li>В направлениях А и В</li><li>Во всех указанных направлениях, кроме Г</li></ol>"	"<b>Правильный ответ: 2. В направлениях А и В</b><hr>
<b>Правильный ответ: 2</b>
<br/>
            Продолжить движение не нарушая Правил можно в направлениях «А» и «В». 
В направлении «Г» движение запрещает знак <a href=""https://www.drom.ru/pdd/pdd/sign_3_18_1/"" target=""_blank"">3.18.1</a> «Поворот направо запрещен». 
Направление «Б» проходит по проезжей части встречного движения. Такое движение категорически запрещено.
(Пункт <a href=""https://www.drom.ru/pdd/pdd/punkt_1_4/#p1_4"" target=""_blank"">1.4</a> ПДД, «Дорожные знаки»)        "
Водитель обязан подавать сигналы световыми указателями поворота (рукой):<br><br><ol><li>Перед началом движения или перестроением</li><li>Перед поворотом или разворотом</li><li>Перед остановкой</li><li>Во всех перечисленных случаях</li></ol>	"<b>Правильный ответ: 4. Во всех перечисленных случаях</b><hr>
<b>Правильный ответ: 4</b>
<br/>
            Перед началом движения, перестроением, поворотом (разворотом) и остановкой водитель обязан подавать сигналы световыми указателями поворота соответствующего направления, а если они отсутствуют или неисправны – рукой. При выполнении маневра не должны создаваться опасность для движения, а также помехи другим участникам дорожного движения.
(Пункт <a href=""https://www.drom.ru/pdd/pdd/punkt_8_1/#p8_1"" target=""_blank"">8.1</a> ПДД)        "
"Поднятая вверх рука водителя легкового автомобиля является сигналом, информирующим Вас о его намерении:<br><img src=""https://s.drom.ru/i24228/pdd/tickets/2016/1543885606.jpg""><br><ol><li>Повернуть направо</li><li>Продолжить движение прямо</li><li>Снизить скорость, чтобы остановиться и уступить дорогу мотоциклу</li></ol>"	"<b>Правильный ответ: 3. Снизить скорость, чтобы остановиться и уступить дорогу мотоциклу</b><hr>
<b>Правильный ответ: 3</b>
<br/>
            У водителя не работает световая сигнализация, поэтому он вынужден подавать соответствующие сигналы рукой. Согласно знаку <a href=""https://www.drom.ru/pdd/pdd/sign_2_4/"" target=""_blank"">2.4</a> «Уступите дорогу» мотоциклист имеет преимущество. Поднятая вверх рука информирует о намерении притормозить для того, чтобы уступить дорогу мотоциклисту.
(«Дорожные знаки», пункт <a href=""https://www.drom.ru/pdd/pdd/punkt_8_1/#p8_1"" target=""_blank"">8.1</a> ПДД).        "
В каких случаях водитель не должен подавать сигнал указателями поворота?<br><br><ol><li>Только при отсутствии на дороге других участников движения</li><li>Только если сигнал может ввести в заблуждение других участников движения</li><li>В обоих перечисленных случаях</li></ol>	"<b>Правильный ответ: 2. Только если сигнал может ввести в заблуждение других участников движения</b><hr>
<b>Правильный ответ: 2</b>
<br/>
            Подача сигнала указателями поворота должна производиться заблаговременно до начала выполнения маневра и прекращаться немедленно после его завершения.
При этом сигнал не должен вводить в заблуждение других участников движения.
(Пункт <a href=""https://www.drom.ru/pdd/pdd/punkt_8_2/#p8_2"" target=""_blank"">8.2</a> ПДД)        "
"Вы намерены продолжить движение по главной дороге. Обязаны ли Вы при этом включить указатели правого поворота?<br><img src=""https://s.drom.ru/i24228/pdd/tickets/2016/1543885572.jpg""><br><ol><li>Обязаны</li><li>Обязаны только при наличии движущегося сзади транспортного средства</li><li>Не обязаны</li></ol>"	"<b>Правильный ответ: 1. Обязаны</b><hr>
<b>Правильный ответ: 1</b>
<br/>
            Независимо от того, куда Вы будете поворачивать на перекрёстке, налево или направо по главной дороге, обязательно следует включить соответствующий указатель поворота. В данной ситуации - включите правый указатель поворота. Ответ «обязаны».
(«Дорожные знаки», пункт <a href=""https://www.drom.ru/pdd/pdd/punkt_8_1/#p8_1"" target=""_blank"">8.1</a> ПДД)        "
"Поднятая вверх рука водителя мотоцикла является сигналом, информирующим Вас о его намерении:<br><img src=""https://s.drom.ru/i24228/pdd/tickets/2016/1543885557.jpg""><br><ol><li>Продолжить движение прямо</li><li>Повернуть направо</li><li>Снизить скорость, чтобы остановиться и уступить дорогу легковому автомобилю</li></ol>"	"<b>Правильный ответ: 3. Снизить скорость, чтобы остановиться и уступить дорогу легковому автомобилю</b><hr>
<b>Правильный ответ: 3</b>
<br/>
            Перекрёсток равнозначный. У мотоциклиста помеха справа. Он обязан уступить дорогу, т.е. затормозить и остановиться. Об этом информирует его вытянутая вверх рука.
(Пункты <a href=""https://www.drom.ru/pdd/pdd/punkt_8_1/#p8_1"" target=""_blank"">8.1</a>, <a href=""https://www.drom.ru/pdd/pdd/punkt_13_11/#p13_11"" target=""_blank"">13.11</a> ПДД)        "
"Вы намерены продолжить движение по главной дороге. Обязаны ли Вы включить указатели левого поворота?<br><img src=""https://s.drom.ru/i24228/pdd/tickets/2016/1543885538.jpg""><br><ol><li>Обязаны</li><li>Обязаны, если с других направлений приближаются транспортные средства</li><li>Не обязаны</li></ol>"	"<b>Правильный ответ: 1. Обязаны</b><hr>
<b>Правильный ответ: 1</b>
<br/>
            Где бы ни происходило управление автомобилем, Вы должны строго придерживаться «своего внутреннего правила», которое можно сформулировать так: «Моя езда является безопасной в том случае, когда мои действия понятны всем остальным участникам дорожного движения». Вы намерены совершить маневр-поворот налево - обязательно информируйте других участников дорожного движения об этом, включив указатель поворота.
(Пункт <a href=""https://www.drom.ru/pdd/pdd/punkt_8_1/#p8_1"" target=""_blank"">8.1</a> ПДД)        "
Когда следует выключить указатели левого поворота, выполняя обгон?<br><br><ol><li>Сразу же после перестроения на полосу, предназначенную для встречного движения</li><li>После опережения обгоняемого транспортного средства</li><li>По усмотрению водителя</li></ol>	"<b>Правильный ответ: 1. Сразу же после перестроения на полосу, предназначенную для встречного движения</b><hr>
<b>Правильный ответ: 1</b>
<br/>
            Вы завершили перестроение на встречную полосу, прекращаете подачу сигнала немедленно. Опережая транспортное средство по встречной полосе, сигнал не подаёте.
(Пункт <a href=""https://www.drom.ru/pdd/pdd/punkt_8_2/#p8_2"" target=""_blank"">8.2</a> ПДД. «Техника управления автомобилем». Обгон)        "
"Водитель автобуса должен выключить указатели левого поворота:<br><img src=""https://s.drom.ru/i24228/pdd/tickets/2016/1543885503.jpg""><br><ol><li>После перестроения на левую полосу</li><li>После опережения грузового автомобиля</li><li>После возвращения на правую полосу</li></ol>"	"<b>Правильный ответ: 1. После перестроения на левую полосу</b><hr>
<b>Правильный ответ: 1</b>
<br/>
            Показанная траектория состоит из трёх фаз. Первая фаза - перестроение в параллельный ряд. Как только Вы его закончили, выключите левый сигнал указателя поворота. Вторая фаза - двигаетесь в параллельном ряду - включать сигналы не следует. Третья фаза - перестроение, возвращение на ранее занимаемую полосу. Перед перестроением включаете правый сигнал поворота. Закончив перестроение, выключаете его.
(«Техника управления автомобилем», пункт <a href=""https://www.drom.ru/pdd/pdd/punkt_8_1/#p8_1"" target=""_blank"">8.1</a> ПДД)        "
Когда следует включать указатели поворота?<br><br><ol><li>Непосредственно перед поворотом или разворотом</li><li>Заблаговременно до начала выполнения маневра</li><li>По усмотрению водителя</li></ol>	"<b>Правильный ответ: 2. Заблаговременно до начала выполнения маневра</b><hr>
<b>Правильный ответ: 2</b>
<br/>
            Ваши действия всегда должны быть понятны остальным участникам дорожного движения. О своих намерениях Вы должны информировать заблаговременно до начала выполнения маневра.
(Пункт <a href=""https://www.drom.ru/pdd/pdd/punkt_8_2/#p8_2"" target=""_blank"">8.2</a> ПДД)        "
"Вы намерены произвести разворот на перекрестке. Какие указатели поворота необходимо включить перед въездом на перекресток?<br><img src=""https://s.drom.ru/i24228/pdd/tickets/2016/1543885470.jpg""><br><ol><li>Правого поворота</li><li>Левого поворота</li><li>Включать указатели поворота нет необходимости</li></ol>"	"<b>Правильный ответ: 1. Правого поворота</b><hr>
<b>Правильный ответ: 1</b>
<br/>
            Въезд на перекрёсток с круговым движением соответствует повороту направо. Соответственно включаете правый указатель поворота. Двигаясь по кругу, Вы не изменяете направление движения. Сигналы не используете. При съезде с перекрёстка опять совершаете правый поворот и опять заблаговременно включаете правый указатель поворота.
(«Дорожные знаки», пункт <a href=""https://www.drom.ru/pdd/pdd/punkt_8_1/#p8_1"" target=""_blank"">8.1</a> ПДД)        "
"Вы намерены повернуть налево на этом перекрестке. В какой момент следует включить указатели левого поворота?<br><img src=""https://s.drom.ru/i24228/pdd/tickets/2016/1543885440.jpg""><br><ol><li>Заблаговременно, до въезда на перекресток</li><li>После въезда на первое пересечение проезжих частей</li><li>По Вашему усмотрению</li></ol>"	"<b>Правильный ответ: 2. После въезда на первое пересечение проезжих частей</b><hr>
<b>Правильный ответ: 2</b>
<br/>
            Правила требуют заблаговременно предупреждать других участников дорожного движения об изменении намерений в движении. Подаваемый Вами сигнал не должен вводить в заблуждение других водителей. В рассматриваемой ситуации следует включить указатель поворота после въезда на первое пересечение проезжих частей.
(Пункты <a href=""https://www.drom.ru/pdd/pdd/punkt_8_1/#p8_1"" target=""_blank"">8.1</a>, <a href=""https://www.drom.ru/pdd/pdd/punkt_8_2/#p8_2"" target=""_blank"">8.2</a> ПДД)        "
Когда может быть прекращена подача сигнала рукой о повороте?<br><br><ol><li>Непосредственно перед началом маневра</li><li>После начала маневра</li><li>Только после окончания маневра</li></ol>	"<b>Правильный ответ: 1. Непосредственно перед началом маневра</b><hr>
<b>Правильный ответ: 1</b>
<br/>
            Подача сигнала рукой может быть закончена непосредственно перед выполнением маневра. 
При этом сигнал не должен вводить в заблуждение других участников движения.
(Пункт <a href=""https://www.drom.ru/pdd/pdd/punkt_8_2/#p8_2"" target=""_blank"">8.2</a> ПДД)        "
"Такой сигнал рукой, подаваемый водителем мотоцикла, информирует Вас:<br><img src=""https://s.drom.ru/i24228/pdd/tickets/2016/1543885404.jpg""><br><ol><li>О его намерении повернуть налево или выполнить разворот</li><li>О его намерении продолжить движение прямо или налево</li><li>О наличии транспортного средства, приближающегося слева</li></ol>"	"<b>Правильный ответ: 1. О его намерении повернуть налево или выполнить разворот</b><hr>
<b>Правильный ответ: 1</b>
<br/>
            Сигналу левого поворота (разворота) соответствует вытянутая в сторону левая рука. Может использоваться для такого сигнала и правая вытянутая рука, но согнутая в локте под прямым углом вверх.
(Пункт <a href=""https://www.drom.ru/pdd/pdd/punkt_8_1/#p8_1"" target=""_blank"">8.1</a> ПДД)        "
"Вы намерены остановиться слева у тротуара. В каком случае Вы обязаны включить на автобусе левые указатели поворота?<br><img src=""https://s.drom.ru/i24228/pdd/tickets/2016/1543885337.jpg""><br><ol><li>Перед перестроением</li><li>Перед остановкой</li><li>В обоих перечисленных случаях</li></ol>"	"<b>Правильный ответ: 3. В обоих перечисленных случаях</b><hr>
<b>Правильный ответ: 3</b>
<br/>
            Для остановки с левой стороны дороги по ходу вашего движения необходимо совершить перестроение. Заблаговременное включение левого указателя поворота обязательно. Обязательное его включение и перед остановкой.
Правильный ответ - в обоих перечисленных случаях.        "
Когда должна быть прекращена подача сигнала указателями поворота?<br><br><ol><li>Непосредственно перед началом маневра</li><li>Сразу после начала маневра</li><li>Сразу после завершения маневра</li></ol>	"<b>Правильный ответ: 3. Сразу после завершения маневра</b><hr>
<b>Правильный ответ: 3</b>
<br/>
            Подача сигнала указателями поворота должна производиться заблаговременно до начала выполнения маневра и прекращаться немедленно после его завершения. При этом сигнал не должен вводить в заблуждение других участников движения.
(Пункт <a href=""https://www.drom.ru/pdd/pdd/punkt_8_2/#p8_2"" target=""_blank"">8.2</a> ПДД)        "
"Такой сигнал рукой, подаваемый водителем легкового автомобиля, информирует Вас:<br><img src=""https://s.drom.ru/i24231/pdd/tickets/2016/1551435621.jpg""><br><ol><li>О его намерении повернуть налево или выполнить разворот</li><li>О его намерении остановиться и уступить дорогу грузовому автомобилю</li><li>О приближающемся слева транспортном средстве</li></ol>"	"<b>Правильный ответ: 1. О его намерении повернуть налево или выполнить разворот</b><hr>
<b>Правильный ответ: 1</b>
<br/>
            Сигналу левого поворота (разворота) соответствует вытянутая в сторону левая рука (как в данной ситуации), либо правая, вытянутая в сторону и согнутая в локте под прямым углом вверх.
(Пункт <a href=""https://www.drom.ru/pdd/pdd/punkt_8_1/#p8_1"" target=""_blank"">8.1</a> ПДД)        "
"Обязаны ли Вы в данной ситуации включить указатели левого поворота?<br><img src=""https://s.drom.ru/i24228/pdd/tickets/2016/1543885273.jpg""><br><ol><li>Обязаны</li><li>Обязаны, если будете выполнять разворот</li><li>Не обязаны</li></ol>"	"<b>Правильный ответ: 1. Обязаны</b><hr>
<b>Правильный ответ: 1</b>
<br/>
            С крайней левой полосы Вы можете согласно знаку <a href=""https://www.drom.ru/pdd/pdd/sign_4_1_6/"" target=""_blank"">4.1.6</a> «Движение направо или налево» совершить поворот налево или разворот. В любом случае Вы обязаны включить левые указатели поворота.
(«Дорожные знаки», пункт <a href=""https://www.drom.ru/pdd/pdd/punkt_8_1/#p8_1"" target=""_blank"">8.1</a> ПДД)        "
Обязан ли водитель подавать сигналы указателями поворота при начале движения в жилой зоне, обозначенной соответствующим знаком?<br><br><ol><li>Обязан</li><li>Обязан только при наличии в непосредственной близости пешеходов</li><li>Не обязан</li></ol>	"<b>Правильный ответ: 1. Обязан</b><hr>
<b>Правильный ответ: 1</b>
<br/>
            Вне зависимости от того, где это происходит, присутствуют ли другие транспортные средства, при прочих обстоятельствах возьмите за обязательное для себя правило перед началом движения подавать соответствующий сигнал поворота.
(Пункт <a href=""https://www.drom.ru/pdd/pdd/punkt_8_1/#p8_1"" target=""_blank"">8.1</a> ПДД)        "
"Какую ошибку совершает водитель, въезжающий во двор?<br><img src=""https://s.drom.ru/i24227/pdd/tickets/2016/1542608787.jpg""><br><ol><li>Поворачивает в зоне действия знака «Движение прямо»</li><li>Поворачивает, не включив указатели поворота</li><li>Совершает обе перечисленные ошибки</li></ol>"	"<b>Правильный ответ: 2. Поворачивает, не включив указатели поворота</b><hr>
<b>Правильный ответ: 2</b>
<br/>
            Знак <a href=""https://www.drom.ru/pdd/pdd/sign_4_1_1/"" target=""_blank"">4.1.1</a> «Движение прямо», установленный за пересечением проезжих частей, не запрещает совершать поворот направо во дворы и на другие прилегающие территории. Перед тем, как выполнить указанный маневр, водитель должен включить соответствующий указатель поворота, т.е. проинформировать о своих намерениях других водителей. Такие ошибки не редки. Обычно их совершают водители, которые привыкают к одиночеству на дорогах с малым движением или неправильно подготовленные.
(«Дорожные знаки», пункт <a href=""https://www.drom.ru/pdd/pdd/punkt_8_1/#p8_1"" target=""_blank"">8.1</a> ПДД)        "
"Обязаны ли Вы включить указатели поворота в данной ситуации?<br><img src=""https://s.drom.ru/i24228/pdd/tickets/2016/1543885223.jpg""><br><ol><li>Обязаны</li><li>Обязаны только при наличии на перекрестке других транспортных средств</li><li>Не обязаны</li></ol>"	"<b>Правильный ответ: 1. Обязаны</b><hr>
<b>Правильный ответ: 1</b>
<br/>
            Вы согласно знаку <a href=""https://www.drom.ru/pdd/pdd/sign_4_1_2/"" target=""_blank"">4.1.2</a> «Движение направо» можете продолжить движение, только повернув направо. Перед поворотом обязательно должны подать соответствующий предупредительный сигнал.
(«Дорожные знаки», пункт <a href=""https://www.drom.ru/pdd/pdd/punkt_8_1/#p8_1"" target=""_blank"">8.1</a> ПДД)        "
"Какие световые сигналы Вы обязаны подать в данной ситуации?<br><img src=""https://s.drom.ru/i24228/pdd/tickets/2016/1543885208.jpg""><br><ol><li>Включить световые указатели поворота налево</li><li>Осуществить кратковременное переключение фар с ближнего на дальний свет</li><li>Подать перечисленные световые сигналы одновременно</li></ol>"	"<b>Правильный ответ: 1. Включить световые указатели поворота налево</b><hr>
<b>Правильный ответ: 1</b>
<br/>
            Вы перестраиваетесь на левую полосу. Своевременное включение сигнала левого поворота обязательно в любом случае.
(Пункт <a href=""https://www.drom.ru/pdd/pdd/punkt_8_1/#p8_1"" target=""_blank"">8.1</a> ПДД)        "
"Такой сигнал рукой, подаваемый водителем мотоцикла, который движется по левой полосе, информирует о его намерении:<br><img src=""https://s.drom.ru/i24227/pdd/tickets/2016/1542608858.jpg""><br><ol><li>Продолжить движение прямо</li><li>Повернуть направо</li><li>Остановиться</li></ol>"	"<b>Правильный ответ: 2. Повернуть направо</b><hr>
<b>Правильный ответ: 2</b>
<br/>
            Оба сигнала рукой информируют о намерении мотоциклистов совершить поворот направо.
(Пункт <a href=""https://www.drom.ru/pdd/pdd/punkt_8_1/#p8_1"" target=""_blank"">8.1</a> ПДД)        "
Должны ли водители подавать сигналы указателями поворота при маневрировании на территории автостоянки или АЗС?<br><br><ol><li>Должны</li><li>Должны только при наличии в непосредственной близости других транспортных средств</li><li>Не должны</li></ol>	"<b>Правильный ответ: 1. Должны</b><hr>
<b>Правильный ответ: 1</b>
<br/>
            Всегда информируйте о своих намерениях других участников дорожного движения. При этом неважно где, при каких условиях, при каких обстоятельствах Вы являетесь водителем. Перед началом маневрирования следует включить соответствующий указатель поворота.
(Пункт <a href=""https://www.drom.ru/pdd/pdd/punkt_8_1/#p8_1"" target=""_blank"">8.1</a> ПДД)        "
Как следует действовать, выполняя поворот налево на двухполосной дороге?<br><br><ol><li>Приступить к маневру, одновременно включив указатели левого поворота</li><li>Включить указатели левого поворота, затем приступить к маневру</li><li>Убедиться в безопасности выполнения маневра, затем включить указатели левого поворота и приступить к маневру</li></ol>	"<b>Правильный ответ: 3. Убедиться в безопасности выполнения маневра, затем включить указатели левого поворота и приступить к маневру</b><hr>
<b>Правильный ответ: 3</b>
<br/>
            На любой дороге при повороте налево или развороте Вы, как требует пункт <a href=""https://www.drom.ru/pdd/pdd/punkt_8_1/#p8_1"" target=""_blank"">8.1</a> ПДД, заблаговременно включаете левый сигнал поворота. 
Но т. к. в рассматриваемой ситуации по одной полосе в каждом направлении, может кто-то из водителей движущихся сзади Вас в попутном направлении, уже опередив Вас, подать сигнал и приступить к выполнению обгона. В этом случае уже Вы, согласно пункта <a href=""https://www.drom.ru/pdd/pdd/punkt_11_3/#p11_3"" target=""_blank"">11.3</a> ПДД, своими действиями будете создавать ему препятствие, являясь неосознанным нарушителем ПДД. 
Поэтому на такой дороге, если движение в потоке, заблаговременно плавно снижайте скорость, при этом практически не производя торможения, чуть нажимая на педаль тормоза несколько раз включите стоп-сигналы; в это время убедитесь, что никто не совершает обгон, включите левый сигнал поворота и еще раз убедившись, что дальнейшие намерения о повороте налево или развороте понятны другим водителям, приступайте к выполнению маневра, учитывая встречное движение.
(Пункты <a href=""https://www.drom.ru/pdd/pdd/punkt_8_1/#p8_1"" target=""_blank"">8.1</a>, <a href=""https://www.drom.ru/pdd/pdd/punkt_11_1/#p11_1"" target=""_blank"">11.1</a> ПДД)        "
"Такой сигнал рукой, подаваемый водителем легкового автомобиля, информирует Вас:<br><img src=""https://s.drom.ru/i24228/pdd/tickets/2016/1543885128.jpg""><br><ol><li>О его намерении начать движение</li><li>О его просьбе оказать помощь</li><li>Об имеющейся опасности за поворотом</li></ol>"	"<b>Правильный ответ: 1. О его намерении начать движение</b><hr>
<b>Правильный ответ: 1</b>
<br/>
            Вытянутая в сторону левая рука является сигналом левого поворота, который водитель обязан подать перед началом движения.
(Пункт <a href=""https://www.drom.ru/pdd/pdd/punkt_8_1/#p8_1"" target=""_blank"">8.1</a> ПДД)        "
"Обязаны ли Вы включить указатели правого поворота перед въездом на этот перекресток?<br><img src=""https://s.drom.ru/i24228/pdd/tickets/2016/1543885111.jpg""><br><ol><li>Обязаны</li><li>Обязаны только при наличии движущихся сзади транспортных средств</li><li>Не обязаны</li></ol>"	"<b>Правильный ответ: 1. Обязаны</b><hr>
<b>Правильный ответ: 1</b>
<br/>
            При въезде на перекрёсток с круговым движением Вы совершаете поворот направо. Об этом Вы должны информировать других участников движения, для чего включаете правые указатели поворота.
(Пункт <a href=""https://www.drom.ru/pdd/pdd/punkt_8_1/#p8_1"" target=""_blank"">8.1</a> ПДД)        "
Дает ли преимущество в движении подача сигнала указателями поворота?<br><br><ol><li>Дает преимущество</li><li>Дает преимущество только при завершении обгона</li><li>Не дает преимущества</li></ol>	"<b>Правильный ответ: 3. Не дает преимущества</b><hr>
<b>Правильный ответ: 3</b>
<br/>
            Подача сигнала указателями поворота не дает водителю преимущества и не освобождает его от принятия мер предосторожности.
(Пункт <a href=""https://www.drom.ru/pdd/pdd/punkt_8_2/#p8_2"" target=""_blank"">8.2</a> ПДД)        "
"Согнутая в локте рука водителя автомобиля является сигналом, информирующим Вас о его намерении:<br><img src=""https://s.drom.ru/i24228/pdd/tickets/2016/1543885050.jpg""><br><ol><li>Повернуть направо</li><li>Продолжить движение прямо</li><li>Остановиться, чтобы уступить дорогу мотоциклу</li></ol>"	"<b>Правильный ответ: 1. Повернуть направо</b><hr>
<b>Правильный ответ: 1</b>
<br/>
            Сигналу правого поворота соответствует вытянутая в сторону правая рука либо левая, вытянутая в сторону и согнутая в локте под прямым углом вверх (как в данной ситуации).
(Пункт <a href=""https://www.drom.ru/pdd/pdd/punkt_8_1/#p8_1"" target=""_blank"">8.1</a> ПДД)        "
"Какие указатели поворота Вы обязаны включить при выполнении разворота по такой траектории?<br><img src=""https://s.drom.ru/i24228/pdd/tickets/2016/1543885035.jpg""><br><ol><li>Только правого поворота</li><li>Только левого поворота</li><li>Сначала правого поворота, а при движении от тротуара – левого поворота</li></ol>"	"<b>Правильный ответ: 3. Сначала правого поворота, а при движении от тротуара – левого поворота</b><hr>
<b>Правильный ответ: 3</b>
<br/>
            Если при развороте вне перекрёстка ширина проезжей части недостаточна для выполнения маневра из крайнего положения (согласно пункту <a href=""https://www.drom.ru/pdd/pdd/punkt_8_5/#p8_5"" target=""_blank"">8.5</a>), его допускается производить от правого края проезжей части. Разворот по такой траектории совершается на узкой дороге. Во время его выполнения необходимо проявлять большую осторожность и выполнение его не производить на высокой скорости, так как едущий позади водитель может при включении в первоначальный момент правого указателя поворота подумать, что Вы совершаете остановку. После включения левого указателя ещё раз убедитесь в отсутствии помехи, так как во время разворота должны уступить дорогу как попутным, так и встречным транспортным средствам.
(Пункты <a href=""https://www.drom.ru/pdd/pdd/punkt_8_1/#p8_1"" target=""_blank"">8.1</a>, <a href=""https://www.drom.ru/pdd/pdd/punkt_8_5/#p8_5"" target=""_blank"">8.5</a>, <a href=""https://www.drom.ru/pdd/pdd/punkt_8_8/#p8_8"" target=""_blank"">8.8</a> ПДД)        "
"Вы намерены остановиться сразу за перекрестком. В каком месте необходимо включить указатели правого поворота?<br><img src=""https://s.drom.ru/i24228/pdd/tickets/2016/1543885019.jpg""><br><ol><li>До въезда на перекресток, чтобы заблаговременно предупредить других водителей об остановке</li><li>Только после въезда на перекресток</li><li>Место включения указателей поворота не имеет значения, так как поворот направо запрещен</li></ol>"	"<b>Правильный ответ: 2. Только после въезда на перекресток</b><hr>
<b>Правильный ответ: 2</b>
<br/>
            Здесь следует дополнить ответ уточнением. Каждый водитель в своих действиях руководствуется только теми знаками, которые располагаются на его дороге. В изображённой ситуации водитель легкового автомобиля знает о Вашем преимуществе. Об этом Вы судите по его действиям. Вы убеждены, что он уступает дорогу. Включение сигнала поворота до перекрёстка будет им однозначно воспринято: что Вы намерены совершить поворот направо. Включение сразу же после въезда на перекрёсток также может быть воспринято неправильно. Например, что Вы несколько задержались с принятием решения о направлении дальнейшего движения, но всё же будете совершать поворот направо. Поэтому включение указателя поворота произведите на перекрёстке, но только не в начальной фазе въезда на перекрёсток. Тогда будет выполнено обязательное условие - сигнал не введёт в заблуждение других участников движения.
(Пункт <a href=""https://www.drom.ru/pdd/pdd/punkt_8_2/#p8_2"" target=""_blank"">8.2</a> ПДД)        "
"Как Вам следует поступить при повороте направо?<br><img src=""https://s.drom.ru/i24231/pdd/tickets/2016/1551664893.jpg""><br><ol><li>Перестроиться на правую полосу, затем осуществить поворот</li><li>Продолжить движение по второй полосе до перекрестка, затем повернуть</li><li>Возможны оба варианта действий</li></ol>"	"<b>Правильный ответ: 3. Возможны оба варианта действий</b><hr>
<b>Правильный ответ: 3</b>
<br/>
            Разметка разрешает поворот направо с обеих полос, поэтому возможны оба варианта действий. В таких случаях, выполняя поворот на перекрёстке, соблюдайте избранную Вами рядность.
(«Горизонтальная разметка» <a href=""https://www.drom.ru/pdd/pdd/mark_1_18/"" target=""_blank"">1.18</a>, пункт <a href=""https://www.drom.ru/pdd/pdd/punkt_8_5/#p8_5"" target=""_blank"">8.5</a> ПДД).        "
"Двигаясь по левой полосе, водитель намерен перестроиться на правую. На каком из рисунков показана ситуация, в которой он обязан уступить дорогу?<br><img src=""https://s.drom.ru/i24228/pdd/tickets/2016/1543885605.jpg""><br><ol><li>На левом</li><li>На правом</li><li>На обоих</li></ol>"	"<b>Правильный ответ: 3. На обоих</b><hr>
<b>Правильный ответ: 3</b>
<br/>
            На левом рисунке преимущество у автомобиля, двигающегося попутно по полосе без изменения направления движения, т.е. у «хозяина полосы». Водитель, двигающийся по левой полосе уступает.
На правом рисунке одновременное перестроение. Водители руководствуются «правилом правой руки», т.е. у кого помеха справа, тот и уступает. Помеха справа у водителя, двигающегося также по левой полосе. Он уступает дорогу и в этой ситуации.
(Пункт <a href=""https://www.drom.ru/pdd/pdd/punkt_8_4/#p8_4"" target=""_blank"">8.4</a> ПДД)        "
"Вам разрешено выполнить поворот направо на маломестном автобусе:<br><img src=""https://s.drom.ru/i24228/pdd/tickets/2016/1543885587.jpg""><br><ol><li>Только по траектории А</li><li>Только по траектории Б</li><li>По любой траектории из указанных</li></ol>"	"<b>Правильный ответ: 1. Только по траектории А</b><hr>
<b>Правильный ответ: 1</b>
<br/>
            При повороте направо транспортное средство должно двигаться по возможности ближе к правому краю проезжей части. У Вас такая возможность есть, продолжаете движение по траектории «А».
(Пункт <a href=""https://www.drom.ru/pdd/pdd/punkt_8_6/#p8_6"" target=""_blank"">8.6</a> ПДД)        "
"Кто должен уступить дорогу?<br><img src=""https://s.drom.ru/i24227/pdd/tickets/2016/1542608292.jpg""><br><ol><li>Водитель грузового автомобиля</li><li>Водитель легкового автомобиля</li></ol>"	"<b>Правильный ответ: 2. Водитель легкового автомобиля</b><hr>
<b>Правильный ответ: 2</b>
<br/>
            Знак <a href=""https://www.drom.ru/pdd/pdd/sign_5_15_5/"" target=""_blank"">5.15.5</a> «Конец полосы» обозначает конец полосы на подъеме или полосы разгона. В любом случае при перестроении с неё необходимо уступить дорогу транспортным средствам движущимся попутно без изменения направления движения.
(«Дорожные знаки», пункт <a href=""https://www.drom.ru/pdd/pdd/punkt_8_4/#p8_4"" target=""_blank"">8.4</a> ПДД)        "
"В каких направлениях Вам можно продолжить движение по левой полосе на грузовом автомобиле с разрешенной максимальной массой более 3,5 т?<br><img src=""https://s.drom.ru/i24228/pdd/tickets/2016/1543885555.jpg""><br><ol><li>Только прямо</li><li>Прямо и направо</li><li>Прямо, налево и в обратном направлении</li></ol>"	"<b>Правильный ответ: 1. Только прямо</b><hr>
<b>Правильный ответ: 1</b>
<br/>
            Действие знака <a href=""https://www.drom.ru/pdd/pdd/sign_4_1_4/"" target=""_blank"">4.1.4</a> «Движение прямо или направо», согласно табличке <a href=""https://www.drom.ru/pdd/pdd/sign_8_4_1/"" target=""_blank"">8.4.1</a> «Вид транспортного средства» распространяется на грузовые автомобили, в том числе с прицепом, с разрешённой максимальной массой более 3,5 т. Для поворота направо необходимо было заблаговременно занять крайнее правое положение на проезжей части, поэтому с занимаемой полосы можете продолжить движение только прямо.
(«Дорожные знаки», пункт <a href=""https://www.drom.ru/pdd/pdd/punkt_8_5/#p8_5"" target=""_blank"">8.5</a> ПДД)        "
"Кто должен уступить дорогу при взаимном перестроении?<br><img src=""https://s.drom.ru/i24228/pdd/tickets/2016/1543885537.jpg""><br><ol><li>Водитель легкового автомобиля</li><li>Водитель грузового автомобиля</li><li>Водителям следует действовать по взаимной договоренности</li></ol>"	"<b>Правильный ответ: 2. Водитель грузового автомобиля</b><hr>
<b>Правильный ответ: 2</b>
<br/>
            При одновременном перестроении водители руководствуются «правилом правой руки». Помеха справа у водителя грузовика. Он уступает дорогу. 
(Пункт <a href=""https://www.drom.ru/pdd/pdd/punkt_8_4/#p8_4"" target=""_blank"">8.4</a> ПДД)        "
"Обязан ли водитель автобуса уступить дорогу водителю грузового автомобиля?<br><img src=""https://s.drom.ru/i24228/pdd/tickets/2016/1543885519.jpg""><br><ol><li>Обязан</li><li>Обязан, если водитель грузового автомобиля начнет смещаться вправо</li><li>Не обязан</li></ol>"	"<b>Правильный ответ: 3. Не обязан</b><hr>
<b>Правильный ответ: 3</b>
<br/>
            Водитель автобуса продолжает движение по правой полосе без перестроения. Он «хозяин полосы», поэтому и уступать никому не обязан.
(Пункт <a href=""https://www.drom.ru/pdd/pdd/punkt_8_4/#p8_4"" target=""_blank"">8.4</a> ПДД)        "
"По какой траектории Вам разрешается выполнить поворот налево?<br><img src=""https://s.drom.ru/i24228/pdd/tickets/2016/1543885502.jpg""><br><ol><li>Только по А</li><li>Только по Б</li><li>По любой из указанных</li></ol>"	"<b>Правильный ответ: 2. Только по Б</b><hr>
<b>Правильный ответ: 2</b>
<br/>
            В случае отсутствия знака <a href=""https://www.drom.ru/pdd/pdd/sign_5_15_1/"" target=""_blank"">5.15.1</a> «Направления движения по полосам» следовало бы выполнить поворот налево по траектории «А». Но на перекрёстках, перед которыми и на которых имеются знаки <a href=""https://www.drom.ru/pdd/pdd/sign_5_15_1/"" target=""_blank"">5.15.1</a> и <a href=""https://www.drom.ru/pdd/pdd/sign_5_15_2/"" target=""_blank"">5.15.2</a>, выезд на трамвайные пути запрещён. Поворот налево (разворот) следует произвести по траектории «Б».
(«Дорожные знаки», пункт <a href=""https://www.drom.ru/pdd/pdd/punkt_8_5/#p8_5"" target=""_blank"">8.5</a> ПДД)        "
"Кто должен уступить дорогу?<br><img src=""https://s.drom.ru/i24228/pdd/tickets/2016/1543885488.jpg""><br><ol><li>Водитель, намеревающийся начать движение от тротуара</li><li>Водитель, намеревающийся остановиться у тротуара</li><li>В данной ситуации водителям следует действовать по взаимной договоренности</li></ol>"	"<b>Правильный ответ: 1. Водитель, намеревающийся начать движение от тротуара</b><hr>
<b>Правильный ответ: 1</b>
<br/>
            Водитель, намеревающийся начать движение после остановки или стоянки, обязан подавать сигнал соответствующего направления и начинать движение лишь убедившись, что маневр будет безопасен и не создаст помех другим участникам дорожного движения.
(Пункт <a href=""https://www.drom.ru/pdd/pdd/punkt_8_1/#p8_1"" target=""_blank"">8.1</a> ПДД)        "
"По какой траектории Вам разрешается выполнить поворот налево?<br><img src=""https://s.drom.ru/i24231/pdd/tickets/2016/1551435282.jpg""><br><ol><li>Только по А</li><li>Только по Б</li><li>По любой из указанных</li></ol>"	"<b>Правильный ответ: 2. Только по Б</b><hr>
<b>Правильный ответ: 2</b>
<br/>
            Перед поворотом налево, направо водитель должен заблаговременно занять крайнее положение на проезжей части. 
Дорога с односторонним движением, выезд с неё исключением не является. Поэтому следует поворот налево совершить по траектории «Б».
(«Дорожные знаки», пункт <a href=""https://www.drom.ru/pdd/pdd/punkt_8_5/#p8_5"" target=""_blank"">8.5</a> ПДД)        "
"По какой траектории Вам разрешено выполнить поворот направо на маломестном автобусе?<br><img src=""https://s.drom.ru/i24228/pdd/tickets/2016/1543885454.jpg""><br><ol><li>Только по А</li><li>Только по Б</li><li>По любой из указанных</li></ol>"	"<b>Правильный ответ: 1. Только по А</b><hr>
<b>Правильный ответ: 1</b>
<br/>
            При повороте направо транспортное средство должно двигаться по возможности ближе к правому краю проезжей части. У Вас такая возможность есть, продолжаете при повороте направо движение по траектории «А».
(Пункт <a href=""https://www.drom.ru/pdd/pdd/punkt_8_6/#p8_6"" target=""_blank"">8.6</a> ПДД)        "
"Кто должен уступить дорогу при одновременном перестроении?<br><img src=""https://s.drom.ru/i24228/pdd/tickets/2016/1543885439.jpg""><br><ol><li>Водитель легкового автомобиля</li><li>Водитель грузового автомобиля</li><li>В данной ситуации водителям следует действовать по взаимной договоренности</li></ol>"	"<b>Правильный ответ: 1. Водитель легкового автомобиля</b><hr>
<b>Правильный ответ: 1</b>
<br/>
            При одновременном перестроении водители руководствуются «правилом правой руки». Помеха у водителя легкового автомобиля. Он уступает дорогу.
(Пункт <a href=""https://www.drom.ru/pdd/pdd/punkt_8_4/#p8_4"" target=""_blank"">8.4</a> ПДД)        "
"Из какой полосы разрешено въехать на данный перекрёсток?<br><img src=""https://s.drom.ru/i24227/pdd/tickets/2016/1542608501.jpg""><br><ol><li>Только из правой</li><li>Только из левой</li><li>Из любой</li></ol>"	"<b>Правильный ответ: 3. Из любой</b><hr>
<b>Правильный ответ: 3</b>
<br/>
            Въезд на перекрёсток, на котором организовано круговое движение, в виде исключения можно осуществлять с любой полосы данного направления. Выезд же с перекрёстка осуществляется по общим правилам.
(Пункт <a href=""https://www.drom.ru/pdd/pdd/punkt_8_5/#p8_5"" target=""_blank"">8.5</a> ПДД)        "
"По какой траектории Вам разрешается выполнить поворот налево?<br><img src=""https://s.drom.ru/i24228/pdd/tickets/2016/1543885403.jpg""><br><ol><li>Только по А</li><li>Только по Б</li><li>По любой из указанных</li></ol>"	"<b>Правильный ответ: 3. По любой из указанных</b><hr>
<b>Правильный ответ: 3</b>
<br/>
            Согласно знаку <a href=""https://www.drom.ru/pdd/pdd/sign_5_7/"" target=""_blank"">5.7.2</a> «Выезд на дорогу с односторонним движением» на данном перекрёстке можно продолжить движение прямо, налево и совершить разворот. На дороге с односторонним движением можете двигаться по любой полосе. Поэтому Вам разрешается движение по любой из указанных траекторий.
(«Дорожные знаки», пункт <a href=""https://www.drom.ru/pdd/pdd/punkt_8_6/#p8_6"" target=""_blank"">8.6</a> ПДД)        "
"По какой траектории Вам разрешено продолжить движение налево?<br><img src=""https://s.drom.ru/i24228/pdd/tickets/2016/1543885386.jpg""><br><ol><li>Только по А</li><li>Только по Б</li><li>По любой из указанных</li></ol>"	"<b>Правильный ответ: 3. По любой из указанных</b><hr>
<b>Правильный ответ: 3</b>
<br/>
            При повороте налево, проезжая перекрёсток, водитель сам определяет траекторию движения, при этом должно быть выполнено условие: автомобиль при пересечении границы проезжих частей должен находиться на своей стороне дороги. По любой из указанных траекторий можете продолжать движение.
(Пункт <a href=""https://www.drom.ru/pdd/pdd/punkt_8_6/#p8_6"" target=""_blank"">8.6</a> ПДД)        "
"Обязан ли водитель маломестного автобуса уступить дорогу легковому автомобилю?<br><img src=""https://s.drom.ru/i24228/pdd/tickets/2016/1543885372.jpg""><br><ol><li>Обязан</li><li>Не обязан</li></ol>"	"<b>Правильный ответ: 2. Не обязан</b><hr>
<b>Правильный ответ: 2</b>
<br/>
            При перестроении водитель должен уступить дорогу транспортным средствам, движущимся попутно без изменения направления движения. Водитель маломестного автобуса, движущегося по левой полосе «хозяин» этой полосы, поэтому уступать не обязан.
(Пункт <a href=""https://www.drom.ru/pdd/pdd/punkt_8_4/#p8_4"" target=""_blank"">8.4</a> ПДД)        "
"Разрешено ли Вам выполнить поворот направо в данной ситуации?<br><img src=""https://s.drom.ru/i24228/pdd/tickets/2016/1543885352.jpg""><br><ol><li>Разрешено</li><li>Разрешено, если при этом не будут созданы помехи транспортным средствам, движущимся с других направлений</li><li>Запрещено</li></ol>"	"<b>Правильный ответ: 3. Запрещено</b><hr>
<b>Правильный ответ: 3</b>
<br/>
            Вы находитесь на левой полосе, с которой совершить поворот направо нельзя. Для поворота направо необходимо было заблаговременно перестроиться на правую полосу.
(Пункты <a href=""https://www.drom.ru/pdd/pdd/punkt_8_5/#p8_5"" target=""_blank"">8.5</a>, <a href=""https://www.drom.ru/pdd/pdd/punkt_6_3/#p6_3"" target=""_blank"">6.3</a> ПДД)        "
"Вам можно продолжить движение:<br><img src=""https://s.drom.ru/i24228/pdd/tickets/2016/1543885336.jpg""><br><ol><li>Только по траектории А</li><li>По траекториям А или В</li><li>По любой траектории из указанных</li></ol>"	"<b>Правильный ответ: 2. По траекториям А или В</b><hr>
<b>Правильный ответ: 2</b>
<br/>
            Стрелка на знаке <a href=""https://www.drom.ru/pdd/pdd/sign_5_7/"" target=""_blank"">5.7.1</a> «Выезд на дорогу с односторонним движением» указывает направление движения на дороге с односторонним движением. Пересечение дороги не запрещается (траектория «В»). Запрещается поворот налево, т.е. движение во встречном направлении. При повороте направо транспортное средство должно двигаться по возможности ближе к правому краю проезжей части. У Вас такая возможность есть. Можете повернуть по траектории «А».
(Пункт <a href=""https://www.drom.ru/pdd/pdd/punkt_8_6/#p8_6"" target=""_blank"">8.6</a> ПДД, «Дорожные знаки»)        "
"По какой траектории Вам можно выполнить поворот налево?<br><img src=""https://s.drom.ru/i24228/pdd/tickets/2016/1543885320.jpg""><br><ol><li>Только по траектории А</li><li>Только по траектории Б</li><li>По любой траектории из указанных</li></ol>"	"<b>Правильный ответ: 1. Только по траектории А</b><hr>
<b>Правильный ответ: 1</b>
<br/>
            При отсутствии знаков <a href=""https://www.drom.ru/pdd/pdd/sign_5_15_1/"" target=""_blank"">5.15.1</a> «Направления движения по полосам» или <a href=""https://www.drom.ru/pdd/pdd/sign_5_15_2/"" target=""_blank"">5.15.2</a> следует выполнять поворот с заездом на трамвайные пути, т.е. по траектории «А».
(Пункт <a href=""https://www.drom.ru/pdd/pdd/punkt_8_5/#p8_5"" target=""_blank"">8.5</a> ПДД)        "
"Вам можно выполнить поворот налево:<br><img src=""https://s.drom.ru/i24228/pdd/tickets/2016/1543885305.jpg""><br><ol><li>Только по траектории А</li><li>Только по траектории Б</li><li>По любой траектории из указанных</li></ol>"	"<b>Правильный ответ: 3. По любой траектории из указанных</b><hr>
<b>Правильный ответ: 3</b>
<br/>
            Знак <a href=""https://www.drom.ru/pdd/pdd/sign_5_15_1/"" target=""_blank"">5.15.1</a> - «Направления движения по полосам» разрешает поворот налево из крайней левой полосы и средней. Указанные траектории наглядно показывают, как его следует осуществлять с любой из перечисленных полос. При повороте соблюдайте выбранную рядность.
(«Дорожные знаки», пункт <a href=""https://www.drom.ru/pdd/pdd/punkt_8_5/#p8_5"" target=""_blank"">8.5</a> ПДД)        "
"При повороте налево для въезда во двор Вы обязаны уступить дорогу:<br><img src=""https://s.drom.ru/i24228/pdd/tickets/2016/1543885289.jpg""><br><ol><li>Только велосипедисту</li><li>Только пешеходам</li><li>Пешеходам и велосипедисту</li></ol>"	"<b>Правильный ответ: 3. Пешеходам и велосипедисту</b><hr>
<b>Правильный ответ: 3</b>
<br/>
            При съезде с дороги, водитель должен уступить дорогу пешеходам и велосипедистам, путь движения которых он пересекает.
(Пункт <a href=""https://www.drom.ru/pdd/pdd/punkt_8_3/#p8_3"" target=""_blank"">8.3</a> ПДД)        "
"По какой траектории Вам можно выполнить поворот налево?<br><img src=""https://s.drom.ru/i24228/pdd/tickets/2016/1543885272.jpg""><br><ol><li>Только по А</li><li>Только по Б</li><li>По любой из указанных</li></ol>"	"<b>Правильный ответ: 2. Только по Б</b><hr>
<b>Правильный ответ: 2</b>
<br/>
            Поворачивая при выезде с пересечения проезжих частей, Вы не должны оказаться на стороне встречного движения. Поворот налево следует произвести по траектории «Б».
(Пункт <a href=""https://www.drom.ru/pdd/pdd/punkt_8_6/#p8_6"" target=""_blank"">8.6</a> ПДД)        "
"По какой траектории Вам разрешено продолжить движение?<br><img src=""https://s.drom.ru/i24228/pdd/tickets/2016/1543885258.jpg""><br><ol><li>Только по А</li><li>По А или Б</li><li>По любой из указанных</li></ol>"	"<b>Правильный ответ: 1. Только по А</b><hr>
<b>Правильный ответ: 1</b>
<br/>
            Встречное движение (таким является траектория «В») на перекрёстке, где организовано круговое движение, запрещено. Въезд на такой перекрёсток, как исключение из общего правила, можно производить с любой полосы проезжей части, предназначенной для движения в данном направлении. (Пункт <a href=""https://www.drom.ru/pdd/pdd/punkt_8_5/#p8_5"" target=""_blank"">8.5</a> ПДД).
При повороте направо транспортное средство должно двигаться по возможности ближе к правому краю проезжей части. (Пункт <a href=""https://www.drom.ru/pdd/pdd/punkt_8_6/#p8_6"" target=""_blank"">8.6</a> ПДД).
В показанной ситуации такая возможность есть, Вы продолжаете движение по траектории «А».        "
"Должны ли Вы уступить дорогу грузовому автомобилю в данной ситуации?<br><img src=""https://s.drom.ru/i24228/pdd/tickets/2016/1543885241.jpg""><br><ol><li>Должны</li><li>Должны, если он намерен повернуть направо</li><li>Не должны</li></ol>"	"<b>Правильный ответ: 3. Не должны</b><hr>
<b>Правильный ответ: 3</b>
<br/>
            Грузовик при выезде с прилегающей к дороге территории обязан уступить дорогу транспортным средствам, движущимся по дороге. Преимущество Ваше.
(Пункт <a href=""https://www.drom.ru/pdd/pdd/punkt_8_3/#p8_3"" target=""_blank"">8.3</a> ПДД)        "
"Кто должен уступить дорогу?<br><img src=""https://s.drom.ru/i24228/pdd/tickets/2016/1543885222.jpg""><br><ol><li>Водитель легкового автомобиля</li><li>Водитель грузового автомобиля</li></ol>"	"<b>Правильный ответ: 2. Водитель грузового автомобиля</b><hr>
<b>Правильный ответ: 2</b>
<br/>
            Впереди сужение дороги, о чём водителей предупреждает знак <a href=""https://www.drom.ru/pdd/pdd/sign_1_20_2/"" target=""_blank"">1.20.2</a> «Сужение дороги». Водителю грузовика необходимо перестроиться на левую полосу. Он обязан уступить дорогу легковому автомобилю, движущемуся попутно без изменения направления движения.
(«Дорожные знаки», пункт <a href=""https://www.drom.ru/pdd/pdd/punkt_8_4/#p8_4"" target=""_blank"">8.4</a> ПДД)        "
"В каких направлениях Вам можно продолжить движение по второй полосе?<br><img src=""https://s.drom.ru/i24228/pdd/tickets/2016/1543885207.jpg""><br><ol><li>Только налево</li><li>Налево и в обратном направлении</li><li>Направо, налево и в обратном направлении</li></ol>"	"<b>Правильный ответ: 2. Налево и в обратном направлении</b><hr>
<b>Правильный ответ: 2</b>
<br/>
            Знак <a href=""https://www.drom.ru/pdd/pdd/sign_4_1_6/"" target=""_blank"">4.1.6</a> «Движение направо или налево» из крайней левой полосы разрешает поворот налево и разворот для движения в обратном направлении. Для поворота направо необходимо было заранее перестроиться на крайнюю правую полосу.
(«Дорожные знаки», пункт <a href=""https://www.drom.ru/pdd/pdd/punkt_8_5/#p8_5"" target=""_blank"">8.5</a> ПДД)        "
"При перестроении на правую полосу в данной ситуации Вы:<br><img src=""https://s.drom.ru/i24228/pdd/tickets/2016/1543885192.jpg""><br><ol><li>Должны уступить дорогу автомобилю, движущемуся по соседней полосе</li><li>Имеете преимущество в движении</li></ol>"	"<b>Правильный ответ: 1. Должны уступить дорогу автомобилю, движущемуся по соседней полосе</b><hr>
<b>Правильный ответ: 1</b>
<br/>
            Полоса, по которой Вы двигаетесь, заканчивается. Вам необходимо перестраиваться. При перестроении Вы обязаны уступить дорогу транспортным средствам, движущимся попутно без изменения направления движения.
(«Горизонтальная разметка» <a href=""https://www.drom.ru/pdd/pdd/mark_1_19/"" target=""_blank"">1.19</a>, пункт <a href=""https://www.drom.ru/pdd/pdd/punkt_8_4/#p8_4"" target=""_blank"">8.4</a> ПДД)        "
"Кто имеет преимущество в движении?<br><img src=""https://s.drom.ru/i24227/pdd/tickets/2016/1542608883.jpg""><br><ol><li>Водитель легкового автомобиля</li><li>Водитель грузового автомобиля</li></ol>"	"<b>Правильный ответ: 2. Водитель грузового автомобиля</b><hr>
<b>Правильный ответ: 2</b>
<br/>
            Водитель легкового автомобиля выезжает с прилегающей территории к дороге (с АЗС). Он обязан уступить дорогу транспортным средствам, движущимся по пересекаемой дороге, соответственно водитель грузовика имеет «преимущество».
(Пункты <a href=""https://www.drom.ru/pdd/pdd/punkt_1_2/#p1_2"" target=""_blank"">1.2</a>, <a href=""https://www.drom.ru/pdd/pdd/punkt_8_3/#p8_3"" target=""_blank"">8.3</a> ПДД)        "
"Вам разрешено выполнить поворот направо на длинномерном транспортном средстве:<br><img src=""https://s.drom.ru/i24228/pdd/tickets/2016/1543885159.jpg""><br><ol><li>Только по траектории А</li><li>Только по траектории Б</li><li>По любой траектории из указанных</li></ol>"	"<b>Правильный ответ: 1. Только по траектории А</b><hr>
<b>Правильный ответ: 1</b>
<br/>
            Если ТС из-за своих габаритов или по другим причинам не может выполнить поворот из крайнего положения не нарушая пункт <a href=""https://www.drom.ru/pdd/pdd/punkt_8_5/#p8_5"" target=""_blank"">8.5</a> ПДД, допускается отступать от этих требований. В этом случае поворот также должен осуществляться таким образом, чтобы при выезде с пересечения проезжих частей, ТС не оказалось на стороне встречного движения.
(Пункты <a href=""https://www.drom.ru/pdd/pdd/punkt_8_6/#p8_6"" target=""_blank"">8.6</a>, <a href=""https://www.drom.ru/pdd/pdd/punkt_8_7/#p8_7"" target=""_blank"">8.7</a> ПДД)        "
"Вы намерены начать движение от тротуара. Должны ли Вы уступить дорогу мотоциклу, выполняющему разворот?<br><img src=""https://s.drom.ru/i24228/pdd/tickets/2016/1543885141.jpg""><br><ol><li>Должны</li><li>Не должны, если Вы управляете маршрутным транспортным средством</li><li>Не должны</li></ol>"	"<b>Правильный ответ: 1. Должны</b><hr>
<b>Правильный ответ: 1</b>
<br/>
            Перед началом движения водитель обязан убедиться, что маневр будет безопасен и он не создаст помех другим участникам дорожного движения. (Пункт <a href=""https://www.drom.ru/pdd/pdd/punkt_8_1/#p8_1"" target=""_blank"">8.1</a> ПДД). Согласно этому пункту Вы уступаете дорогу мотоциклисту, независимо от того каким ТС вы управляете.        "
"В каком направлении разрешено продолжить движение водителю грузового автомобиля?<br><img src=""https://s.drom.ru/i24227/pdd/tickets/2016/1542608955.jpg""><br><ol><li>Только направо</li><li>Только по кругу</li><li>В любом направлении из перечисленных</li></ol>"	"<b>Правильный ответ: 3. В любом направлении из перечисленных</b><hr>
<b>Правильный ответ: 3</b>
<br/>
            Въезд на перекрёсток с круговым движением как исключение можно производить с любой полосы данного направления (без предварительного перестроения). Выезд же с данного перекрёстка производится по общим правилам. Для поворота направо следует заблаговременно занять соответствующее крайнее положение на проезжей части. Совершая поворот, транспортное средство должно двигаться по возможности также ближе к правому краю проезжей части. Водитель грузового автомобиля может продолжить движение по кругу и, включив сигнал правого поворота, повернуть направо, т.е. продолжить движение в любом направлении из перечисленных. 
(«Дорожные знаки», пункты <a href=""https://www.drom.ru/pdd/pdd/punkt_8_5/#p8_5"" target=""_blank"">8.5</a>, <a href=""https://www.drom.ru/pdd/pdd/punkt_8_6/#p8_6"" target=""_blank"">8.6</a> ПДД)        "
Выезжая с прилегающей территории, необходимо уступить дорогу:<br><br><ol><li>Только маршрутным транспортным средствам</li><li>Всем механическим транспортным средствам</li><li>Транспортным средствам, лицам, использующим для передвижения средства индивидуальной мобильности и пешеходам</li></ol>	"<b>Правильный ответ: 3. Транспортным средствам, лицам, использующим для передвижения средства индивидуальной мобильности и пешеходам</b><hr>
<b>Правильный ответ: 3</b>
<br/>
            При выезде на дорогу с прилегающей территории водитель должен уступить дорогу: транспортным средствам, лицам, использующим для передвижения средства индивидуальной мобильности и пешеходам. (Пункт <a href=""https://www.drom.ru/pdd/pdd/punkt_8_3/#p8_3"" target=""_blank"">8.3</a> ПДД)        "
"Разрешается ли Вам выполнить поворот направо по указанной траектории в данной ситуации?<br><img src=""https://s.drom.ru/i24228/pdd/tickets/2016/1543885097.jpg""><br><ol><li>Разрешается</li><li>Запрещается</li></ol>"	"<b>Правильный ответ: 1. Разрешается</b><hr>
<b>Правильный ответ: 1</b>
<br/>
            При повороте направо транспортное средство должно двигаться по возможности ближе к правому краю проезжей части, т.е. по крайней правой полосе. В данном случае у Вас такой возможности нет по причине остановки на этой полосе легкового автомобиля. Продолжаете движение по указанной траектории. 
(Пункт <a href=""https://www.drom.ru/pdd/pdd/punkt_8_6/#p8_6"" target=""_blank"">8.6</a> ПДД)        "
"Можно ли водителю автомобиля в данной ситуации начать движение от тротуара?<br><img src=""https://s.drom.ru/i24228/pdd/tickets/2016/1543885080.jpg""><br><ol><li>Можно</li><li>Можно, если при этом не будут созданы помехи грузовому автомобилю, движущемуся по левой полосе</li><li>Нельзя</li></ol>"	"<b>Правильный ответ: 2. Можно, если при этом не будут созданы помехи грузовому автомобилю, движущемуся по левой полосе</b><hr>
<b>Правильный ответ: 2</b>
<br/>
            Водитель автомобиля, находящегося на крайней правой полосе может начать движение, если не создаст помех грузовому автомобилю, движущемуся по левой полосе.
(Пункт <a href=""https://www.drom.ru/pdd/pdd/punkt_8_1/#p8_1"" target=""_blank"">8.1</a> ПДД)        "
"Кому Вы должны уступить дорогу при повороте во двор?<br><img src=""https://s.drom.ru/i24228/pdd/tickets/2016/1543885064.jpg""><br><ol><li>Только встречному автомобилю</li><li>Встречному автомобилю и пешеходам</li><li>Никому</li></ol>"	"<b>Правильный ответ: 2. Встречному автомобилю и пешеходам</b><hr>
<b>Правильный ответ: 2</b>
<br/>
            При повороте налево вне перекрестка водитель безрельсового ТС обязан уступить дорогу встречным ТС и пешеходам, путь движения которых он пересекает. 
(Пункты <a href=""https://www.drom.ru/pdd/pdd/punkt_8_3/#p8_3"" target=""_blank"">8.3</a>, <a href=""https://www.drom.ru/pdd/pdd/punkt_8_8/#p8_8"" target=""_blank"">8.8</a> ПДД)        "
"Вам можно продолжить движение при повороте налево:<br><img src=""https://s.drom.ru/i24228/pdd/tickets/2016/1543885049.jpg""><br><ol><li>Только по траектории А</li><li>Только по траектории В</li><li>По любой траектории из указанных</li></ol>"	"<b>Правильный ответ: 3. По любой траектории из указанных</b><hr>
<b>Правильный ответ: 3</b>
<br/>
            При повороте налево на перекрёстке Вы можете выбирать любую траекторию движения. Главное условие - при выезде с пересечения проезжих частей Ваше транспортное средство не должно оказаться на стороне встречного движения. 
(Пункт <a href=""https://www.drom.ru/pdd/pdd/punkt_8_6/#p8_6"" target=""_blank"">8.6</a> ПДД)        "
"Ситуация, в которой водитель транспортного средства, движущегося по правой полосе, обязан уступить дорогу при перестроении, показана:<br><img src=""https://s.drom.ru/i24228/pdd/tickets/2016/1543885034.jpg""><br><ol><li>На левом рисунке</li><li>На правом рисунке</li><li>На обоих рисунках</li></ol>"	"<b>Правильный ответ: 1. На левом рисунке</b><hr>
<b>Правильный ответ: 1</b>
<br/>
            При одновременном перестроении водители руководствуются «правилом правой руки». Такая ситуация на правом рисунке. Движущийся по правой полосе автомобиль имеет преимущество. На левом рисунке перестроение единоличное. Водитель маломестного автобуса, перестраиваясь, уступает дорогу транспортным средствам, движущимся попутно без изменения направления движения. Преимущество в такой ситуации имеет «хозяин полосы», водитель легкового автомобиля.
Правильный ответ - на левом рисунке.
(Пункт <a href=""https://www.drom.ru/pdd/pdd/punkt_8_4/#p8_4"" target=""_blank"">8.4</a> ПДД)        "
"При съезде с дороги на прилегающую справа территорию Вы:<br><img src=""https://s.drom.ru/i24228/pdd/tickets/2016/1543885018.jpg""><br><ol><li>Пользуетесь преимуществом перед другими участниками движения</li><li>Должны уступить дорогу только пешеходам</li><li>Должны уступить дорогу только велосипедисту</li><li>Должны уступить дорогу пешеходам и велосипедисту</li></ol>"	"<b>Правильный ответ: 4. Должны уступить дорогу пешеходам и велосипедисту</b><hr>
<b>Правильный ответ: 4</b>
<br/>
            Съезжая с дороги на прилегающую территорию, уступаете дорогу велосипедисту и пешеходам, путь движения которых пересекаете.
(Пункт <a href=""https://www.drom.ru/pdd/pdd/punkt_8_3/#p8_3"" target=""_blank"">8.3</a> ПДД)        "
"Водитель маломестного автобуса, выполняющий перестроение на правую полосу, в данной ситуации:<br><img src=""https://s.drom.ru/i24228/pdd/tickets/2016/1543885002.jpg""><br><ol><li>Не должен создавать помехи двигающемуся по правой полосе автомобилю</li><li>Имеет преимущество, поскольку завершает обгон</li><li>Имеет преимущество, так как на автобусе включены указатели правого поворота</li></ol>"	"<b>Правильный ответ: 1. Не должен создавать помехи двигающемуся по правой полосе автомобилю</b><hr>
<b>Правильный ответ: 1</b>
<br/>
            При единоличном перестроении водитель должен уступить дорогу «хозяину полосы» - транспортным средствам, движущимся попутно без изменения направления движения. 
(Пункт <a href=""https://www.drom.ru/pdd/pdd/punkt_8_4/#p8_4"" target=""_blank"">8.4</a> ПДД)        "
"На перекрестке Вы намерены повернуть направо. Как Вам следует поступить?<br><img src=""https://s.drom.ru/i24228/pdd/tickets/2016/1543884985.jpg""><br><ol><li>Перестроиться на правую полосу, затем осуществить поворот</li><li>Продолжить движение по левой полосе до перекрестка, затем повернуть</li><li>Возможны оба варианта действий</li></ol>"	"<b>Правильный ответ: 3. Возможны оба варианта действий</b><hr>
<b>Правильный ответ: 3</b>
<br/>
            Действие знака <a href=""https://www.drom.ru/pdd/pdd/sign_5_15_1/"" target=""_blank"">5.15.1</a> «Направления движения по полосам», установленного перед перекрёстком, распространяется на весь перекрёсток, если другие знаки <a href=""https://www.drom.ru/pdd/pdd/sign_5_15_1/"" target=""_blank"">5.15.1</a> и <a href=""https://www.drom.ru/pdd/pdd/sign_5_15_2/"" target=""_blank"">5.15.2</a>, установленные на нём, не дают иных указаний. Поворот направо разрешается с обеих полос, поэтому допустимы оба варианта.
(«Дорожные знаки»)        "
"По какой траектории Вам разрешено выполнить разворот на маломестном автобусе?<br><img src=""https://s.drom.ru/i24228/pdd/tickets/2016/1543885623.jpg""><br><ol><li>Только по А</li><li>Только по Б</li><li>По любой из указанных</li></ol>"	"<b>Правильный ответ: 1. Только по А</b><hr>
<b>Правильный ответ: 1</b>
<br/>
            Выезд с пересечения проезжих частей должен быть выполнен на «свою» сторону, т.е. исходя из правостороннего движения без выезда на сторону встречного движения. Двигаясь по траектории «Б», Вы совершаете встречное движение по пересекаемой дороге, что крайне опасно, так как можете произвести лобовое столкновение с автомобилем, приближающимся слева. Развернуться следует по траектории «А».
(Пункт <a href=""https://www.drom.ru/pdd/pdd/punkt_8_6/#p8_6"" target=""_blank"">8.6</a> ПДД)        "
"Можно ли Вам выполнить разворот в этом месте на маломестном автобусе?<br><img src=""https://s.drom.ru/i24228/pdd/tickets/2016/1543885603.jpg""><br><ol><li>Можно</li><li>Можно только при отсутствии приближающегося поезда</li><li>Нельзя</li></ol>"	"<b>Правильный ответ: 1. Можно</b><hr>
<b>Правильный ответ: 1</b>
<br/>
            Разворот запрещён на железнодорожном переезде, границами которого являются шлагбаумы, а при их отсутствии - знаки <a href=""https://www.drom.ru/pdd/pdd/sign_1_3_1/"" target=""_blank"">1.3.1</a> «Однопутная железная дорога» или <a href=""https://www.drom.ru/pdd/pdd/sign_1_3_2/"" target=""_blank"">1.3.2</a> «Многопутная железная дорога». В нашем случае железнодорожный переезд без шлагбаума. Вы можете совершить разворот по указанной траектории, так как совершаете его на безопасном удалении от железнодорожных путей.
(Пункт <a href=""https://www.drom.ru/pdd/pdd/punkt_8_11/#p8_11"" target=""_blank"">8.11</a> ПДД)        "
"Разрешается ли Вам выполнить разворот на перекрестке по указанной траектории?<br><img src=""https://s.drom.ru/i24228/pdd/tickets/2016/1543885586.jpg""><br><ol><li>Разрешается</li><li>Разрешается, если видимость дороги не менее 100 м</li><li>Запрещается</li></ol>"	"<b>Правильный ответ: 3. Запрещается</b><hr>
<b>Правильный ответ: 3</b>
<br/>
            Впереди перекрёсток. Прежде, чем совершить на нём поворот или разворот, необходимо было перестроиться на левую крайнюю полосу. Вы этого своевременно не сделали. Разворот по данной траектории является нарушением.
(Пункты <a href=""https://www.drom.ru/pdd/pdd/punkt_8_5/#p8_5"" target=""_blank"">8.5</a>, <a href=""https://www.drom.ru/pdd/pdd/punkt_8_8/#p8_8"" target=""_blank"">8.8</a> ПДД)        "
"Вам можно выполнить разворот:<br><img src=""https://s.drom.ru/i24228/pdd/tickets/2016/1543885570.jpg""><br><ol><li>Только по траектории А</li><li>Только по траектории Б</li><li>По любой траектории из указанных</li></ol>"	"<b>Правильный ответ: 2. Только по траектории Б</b><hr>
<b>Правильный ответ: 2</b>
<br/>
            При наличии слева трамвайных путей попутного направления, расположенных на одном уровне с проезжей частью, для выполнения разворота необходимо заблаговременно выехать на трамвайные пути, после чего выполнить маневр. При этом не должно создаваться помех трамваю.
Вам можно выполнить разворот только по траектории «Б».
(Пункты <a href=""https://www.drom.ru/pdd/pdd/punkt_8_5/#p8_5"" target=""_blank"">8.5</a>, <a href=""https://www.drom.ru/pdd/pdd/punkt_9_6/#p9_6"" target=""_blank"">9.6</a> ПДД)        "
"Вам необходимо повернуть на примыкающую справа дорогу. Ваши действия?<br><img src=""https://s.drom.ru/i24228/pdd/tickets/2016/1543885554.jpg""><br><ol><li>Не меняя полосы, снизить скорость, затем перестроиться на полосу торможения</li><li>Не меняя скорости, перестроиться на полосу торможения, затем снизить скорость</li><li>Возможны оба варианта действий</li></ol>"	"<b>Правильный ответ: 2. Не меняя скорости, перестроиться на полосу торможения, затем снизить скорость</b><hr>
<b>Правильный ответ: 2</b>
<br/>
            Снизить скорость при наличии следует только на полосе торможения.
(Пункт <a href=""https://www.drom.ru/pdd/pdd/punkt_8_10/#p8_10"" target=""_blank"">8.10</a> ПДД)        "
"В каких направлениях Вам можно продолжить движение?<br><img src=""https://s.drom.ru/i24228/pdd/tickets/2016/1543885536.jpg""><br><ol><li>Только прямо</li><li>Прямо и налево</li><li>Прямо, налево и в обратном направлении</li></ol>"	"<b>Правильный ответ: 3. Прямо, налево и в обратном направлении</b><hr>
<b>Правильный ответ: 3</b>
<br/>
            С Вашей стороны прерывистая линия разметки <a href=""https://www.drom.ru/pdd/pdd/mark_1_11/"" target=""_blank"">1.11</a>, которая допускает её пересечение. Так как Вы находитесь на крайней левой полосе, можете продолжить движение прямо, повернуть налево или развернуться и продолжить движение в обратном направлении.
(«Горизонтальная разметка», пункт <a href=""https://www.drom.ru/pdd/pdd/punkt_8_5/#p8_5"" target=""_blank"">8.5</a> ПДД)        "
"Разрешен ли Вам разворот на этом участке дороги?<br><img src=""https://s.drom.ru/i24228/pdd/tickets/2016/1543885518.jpg""><br><ol><li>Разрешен</li><li>Разрешен только при видимости дороги не менее 100 м</li><li>Запрещен</li></ol>"	"<b>Правильный ответ: 2. Разрешен только при видимости дороги не менее 100 м</b><hr>
<b>Правильный ответ: 2</b>
<br/>
            По ходу Вашего движения дорога делает поворот направо. Разворот разрешён только при видимости дороги более 100 м.
(Пункт <a href=""https://www.drom.ru/pdd/pdd/punkt_8_11/#p8_11"" target=""_blank"">8.11</a> ПДД)        "
Водитель имеет право произвести разворот от правого края проезжей части (с правой обочины):<br><br><ol><li>На регулируемом перекрестке</li><li>На нерегулируемом перекрестке</li><li>На участке дороги между перекрестками</li><li>В любом из перечисленных мест</li></ol>	"<b>Правильный ответ: 3. На участке дороги между перекрестками</b><hr>
<b>Правильный ответ: 3</b>
<br/>
            Разворот от правого края проезжей части (с правой обочины) допускается производить только вне перекрёстка.
(Пункт <a href=""https://www.drom.ru/pdd/pdd/punkt_8_8/#p8_8"" target=""_blank"">8.8</a> ПДД)        "
"Разрешено ли Вам выполнить разворот в этом месте?<br><img src=""https://s.drom.ru/i24228/pdd/tickets/2016/1543885487.jpg""><br><ol><li>Разрешено</li><li>Разрешено, если при этом не будут созданы помехи движению маршрутных транспортных средств</li><li>Запрещено</li></ol>"	"<b>Правильный ответ: 3. Запрещено</b><hr>
<b>Правильный ответ: 3</b>
<br/>
            Разворот в местах остановок маршрутных транспортных средств запрещён при любых обстоятельствах.
(Пункт <a href=""https://www.drom.ru/pdd/pdd/punkt_8_11/#p8_11"" target=""_blank"">8.11</a> ПДД)        "
"Водитель грузового автомобиля в данной ситуации:<br><img src=""https://s.drom.ru/i24227/pdd/tickets/2016/1542608432.jpg""><br><ol><li>Должен уступить дорогу автомобилю, который находится справа от него</li><li>Должен уступить дорогу автомобилю, который двигается по полосе разгона</li><li>Имеет преимущество, перед автомобилем, который двигается по полосе разгона</li></ol>"	"<b>Правильный ответ: 3. Имеет преимущество, перед автомобилем, который двигается по полосе разгона</b><hr>
<b>Правильный ответ: 3</b>
<br/>
            Водитель легкового автомобиля въезжает на дорогу с полосы разгона. Он обязан уступить дорогу транспортным средствам, движущимся по этой дороге.
(Пункт <a href=""https://www.drom.ru/pdd/pdd/punkt_8_10/#p8_10"" target=""_blank"">8.10</a> ПДД)        "
"Вам можно выполнить разворот:<br><img src=""https://s.drom.ru/i24228/pdd/tickets/2016/1543885453.jpg""><br><ol><li>Только по траектории А</li><li>По траекториям А или В</li><li>По любой траектории из указанных</li></ol>"	"<b>Правильный ответ: 2. По траекториям А или В</b><hr>
<b>Правильный ответ: 2</b>
<br/>
            Разворот запрещён на пешеходных переходах (траектории «Б»). Можете его произвести до или за пешеходным переходом, в данном случае по траектории «А» или «В».
(Пункт <a href=""https://www.drom.ru/pdd/pdd/punkt_8_11/#p8_11"" target=""_blank"">8.11</a> ПДД)        "
"Разрешено ли Вам выполнить разворот на мосту по указанной траектории, управляя маломестным автобусом?<br><img src=""https://s.drom.ru/i24228/pdd/tickets/2016/1543885437.jpg""><br><ol><li>Разрешено</li><li>Разрешено только при видимости дороги не менее 100 м</li><li>Запрещено</li></ol>"	"<b>Правильный ответ: 3. Запрещено</b><hr>
<b>Правильный ответ: 3</b>
<br/>
            Разворот на мостах запрещён для всех видов транспорта.
(Пункт <a href=""https://www.drom.ru/pdd/pdd/punkt_8_11/#p8_11"" target=""_blank"">8.11</a> ПДД)        "
"Разрешается ли Вам выполнить разворот на данном участке дороги?<br><img src=""https://s.drom.ru/i24228/pdd/tickets/2016/1543885420.jpg""><br><ol><li>Разрешается</li><li>Разрешается только при видимости дороги не менее 100 м</li><li>Запрещается</li></ol>"	"<b>Правильный ответ: 2. Разрешается только при видимости дороги не менее 100 м</b><hr>
<b>Правильный ответ: 2</b>
<br/>
            Впереди поворот. Дома, деревья ограничивают обзор дороги. Разворот возможен лишь при условии, что дорога по ходу движения просматривается на расстоянии не менее 100 м.
(Пункт <a href=""https://www.drom.ru/pdd/pdd/punkt_8_11/#p8_11"" target=""_blank"">8.11</a> ПДД)        "
"Можно ли Вам развернуться в этом месте?<br><img src=""https://s.drom.ru/i24228/pdd/tickets/2016/1543885402.jpg""><br><ol><li>Можно</li><li>Можно только в светлое время суток</li><li>Нельзя</li></ol>"	"<b>Правильный ответ: 1. Можно</b><hr>
<b>Правильный ответ: 1</b>
<br/>
            Табличка под знаком <a href=""https://www.drom.ru/pdd/pdd/sign_8_2_2/"" target=""_blank"">8.2.1</a> «Зона действия» указывает протяжённость опасных поворотов, о которых предупреждает знак <a href=""https://www.drom.ru/pdd/pdd/sign_1_12_1/"" target=""_blank"">1.12.1</a> «Опасные повороты», и который устанавливается вне населённых пунктов за 150 - 300 м до опасного участка. При развороте Вы не должны оказаться в месте с видимостью дороги хотя бы в одном направлении менее 100 м. У Вас ещё есть небольшое расстояние, на котором можете совершить разворот.
(«Дорожные знаки», пункт <a href=""https://www.drom.ru/pdd/pdd/punkt_8_11/#p8_11"" target=""_blank"">8.11</a> ПДД)        "
"Как Вам следует действовать, выезжая на маломестном автобусе с места стоянки одновременно с легковым автомобилем?<br><img src=""https://s.drom.ru/i24227/pdd/tickets/2016/1542608562.jpg""><br><ol><li>Уступить дорогу</li><li>Проехать первым</li><li>По взаимной договоренности с водителем этого автомобиля</li></ol>"	"<b>Правильный ответ: 1. Уступить дорогу</b><hr>
<b>Правильный ответ: 1</b>
<br/>
            На стоянках, на территориях складов, баз, в поле и т.п. водители при разъезде руководствуются «правилом правой руки», т.е. у кого по траектории движения помеха справа, тот и уступает дорогу. Вы уступаете другому автомобилю.
(Пункт <a href=""https://www.drom.ru/pdd/pdd/punkt_8_9/#p8_9"" target=""_blank"">8.9</a> ПДД)        "
"Можно ли Вам на перекрестке выполнить разворот, двигаясь задним ходом?<br><img src=""https://s.drom.ru/i24228/pdd/tickets/2016/1543885370.jpg""><br><ol><li>Можно</li><li>Можно, если при этом не будут созданы помехи другим участникам движения</li><li>Нельзя</li></ol>"	"<b>Правильный ответ: 3. Нельзя</b><hr>
<b>Правильный ответ: 3</b>
<br/>
            Движение задним ходом на перекрёстках запрещено.
(Пункт <a href=""https://www.drom.ru/pdd/pdd/punkt_8_12/#p8_12"" target=""_blank"">8.12</a> ПДД)        "
"Можно ли Вам выполнить разворот по данной траектории?<br><img src=""https://s.drom.ru/i24228/pdd/tickets/2016/1543885351.jpg""><br><ol><li>Можно</li><li>Можно, если ширина проезжей части недостаточна для выполнения маневра из крайнего левого положения</li><li>Нельзя</li></ol>"	"<b>Правильный ответ: 2. Можно, если ширина проезжей части недостаточна для выполнения маневра из крайнего левого положения</b><hr>
<b>Правильный ответ: 2</b>
<br/>
            Если при развороте вне перекрестка ширина проезжей части недостаточна для выполнения маневра из крайнего левого положения, его допускается производить от правого края проезжей части (с правой обочины). При этом водитель должен уступить дорогу попутным и встречным транспортным средствам.
(Пункт <a href=""https://www.drom.ru/pdd/pdd/punkt_8_8/#p8_8"" target=""_blank"">8.8</a> ПДД)        "
"Управляя автопоездом, имеющим большую длину, Вы имеете право выполнить разворот:<br><img src=""https://s.drom.ru/i24228/pdd/tickets/2016/1543885335.jpg""><br><ol><li>Только по траектории А</li><li>Только по траектории Б</li><li>По любой траектории из указанных</li></ol>"	"<b>Правильный ответ: 1. Только по траектории А</b><hr>
<b>Правильный ответ: 1</b>
<br/>
            Если при развороте вне перекрестка ширина проезжей части недостаточна для выполнения из крайнего левого положения, его допускается производить от правого края проезжей части (с правой обочины).
Указанный ответ в таблице правильных ответов ГИБДД, является таковым только при одном условии (не оговоренном в вопросе), что ширина проезжей части для данного автопоезда, недостаточна для выполнения разворота из крайнего левого положения.
(Пункт <a href=""https://www.drom.ru/pdd/pdd/punkt_8_11/#p8_11"" target=""_blank"">8.11</a> ПДД)        "
"Водитель случайно проехал нужный въезд во двор. Разрешено ли в этой ситуации использовать задний ход, чтобы затем повернуть направо?<br><img src=""https://s.drom.ru/i24228/pdd/tickets/2016/1543885319.jpg""><br><ol><li>Разрешено</li><li>Разрешено, если водитель управляет грузовым такси</li><li>Запрещено</li></ol>"	"<b>Правильный ответ: 1. Разрешено</b><hr>
<b>Правильный ответ: 1</b>
<br/>
            Правила базируются на принципе: «Все, что не запрещено, - допустимо». При этом подразумевается, что допустимое не противоречит разумному и водитель при этом обеспечивает безопасные условия движения. На дорогах с односторонним движением «задний ход» не запрещён. Следовательно, водитель любого ТС может выполнить указанный маневр.
(«Дорожные знаки», пункт <a href=""https://www.drom.ru/pdd/pdd/punkt_8_12/#p8_12"" target=""_blank"">8.12</a> ПДД)        "
"Разрешается ли Вам выполнить разворот с заездом во двор задним ходом?<br><img src=""https://s.drom.ru/i24228/pdd/tickets/2016/1543885304.jpg""><br><ol><li>Разрешается</li><li>Разрешается, если при этом не будут созданы помехи другим участникам движения</li><li>Запрещается</li></ol>"	"<b>Правильный ответ: 2. Разрешается, если при этом не будут созданы помехи другим участникам движения</b><hr>
<b>Правильный ответ: 2</b>
<br/>
            Ничего противоречащего выполнению разворота подобным способом в данной ситуации нет. Движение задним ходом запрещается на перекрёстках. Здесь же используется прилегающая территория (въезд во двор через арку). Осуществляемый маневр должен быть безопасен и не создавать помех другим участникам движения.
(Пункты <a href=""https://www.drom.ru/pdd/pdd/punkt_1_2/#p1_2"" target=""_blank"">1.2</a>, <a href=""https://www.drom.ru/pdd/pdd/punkt_8_12/#p8_12"" target=""_blank"">8.12</a> ПДД)        "
Движение транспортных средств задним ходом разрешается:<br><br><ol><li>На перекрестках</li><li>На дорогах с односторонним движением</li><li>На пешеходных переходах</li><li>В местах остановок маршрутных транспортных средств</li></ol>	"<b>Правильный ответ: 2. На дорогах с односторонним движением</b><hr>
<b>Правильный ответ: 2</b>
<br/>
            Из перечисленных мест только на дороге с односторонним движением разрешается движение задним ходом.
(Пункт <a href=""https://www.drom.ru/pdd/pdd/punkt_8_12/#p8_12"" target=""_blank"">8.12</a> ПДД)        "
"Разрешено ли водителю движение задним ходом на путепроводе для посадки пассажира?<br><img src=""https://s.drom.ru/i24228/pdd/tickets/2016/1543885271.jpg""><br><ol><li>Разрешено</li><li>Разрешено, если при этом не будут созданы помехи другим участникам движения</li><li>Запрещено</li></ol>"	"<b>Правильный ответ: 3. Запрещено</b><hr>
<b>Правильный ответ: 3</b>
<br/>
            Движение задним ходом запрещается в местах, где запрещён разворот, и на перекрёстках. Разворот и, следовательно, движение задним ходом на мостах и путепроводах не допускается, т.е. запрещается.
(Пункты <a href=""https://www.drom.ru/pdd/pdd/punkt_8_11/#p8_11"" target=""_blank"">8.11</a>, <a href=""https://www.drom.ru/pdd/pdd/punkt_8_12/#p8_12"" target=""_blank"">8.12</a> ПДД)        "
"На этом участке дороги Вам запрещается:<br><img src=""https://s.drom.ru/i24228/pdd/tickets/2016/1543885257.jpg""><br><ol><li>Только разворот</li><li>Только обгон или объезд</li><li>Только перестроение на левую полосу с последующей остановкой на обочине</li><li>Любой маневр из перечисленных</li></ol>"	"<b>Правильный ответ: 3. Только перестроение на левую полосу с последующей остановкой на обочине</b><hr>
<b>Правильный ответ: 3</b>
<br/>
            Вы двигаетесь со стороны прерывистой линии <a href=""https://www.drom.ru/pdd/pdd/mark_1_11/"" target=""_blank"">1.11</a> горизонтальной разметки. Ее можно пересечь с данной стороны для разворота, обгона или объезда препятствия.
Остановка с левой стороны дороги вне населенных пунктов запрещена.
Поэтому Вам запрещается из перечисленных ответов перестроение на левую полосу с последующей остановкой на обочине.
(«Горизонтальная разметка» <a href=""https://www.drom.ru/pdd/pdd/mark_1_11/"" target=""_blank"">1.11</a>, пункт <a href=""https://www.drom.ru/pdd/pdd/punkt_8_11/#p8_11"" target=""_blank"">8.11</a> ПДД)        "
"Разрешается ли Вам выполнить разворот?<br><img src=""https://s.drom.ru/i24228/pdd/tickets/2016/1543885239.jpg""><br><ol><li>Разрешается</li><li>Разрешается только по траектории А</li><li>Разрешается только по траектории Б</li><li>Запрещается</li></ol>"	"<b>Правильный ответ: 2. Разрешается только по траектории А</b><hr>
<b>Правильный ответ: 2</b>
<br/>
            Производить разворот на перекрестках, обозначенных знаком <a href=""https://www.drom.ru/pdd/pdd/sign_5_7/"" target=""_blank"">5.7.2</a> «Выезд на дорогу с односторонним движением» (траектория «А») разрешается.
Разворот по траектории «Б» совершать нельзя, т.к. он запрещен на пешеходных переходах. В данном случае границами пешеходного перехода являются знаки <a href=""https://www.drom.ru/pdd/pdd/sign_5_19/"" target=""_blank"">5.19.1, 5.19.2</a> «Пешеходный переход»
(«Дорожные знаки», пункт <a href=""https://www.drom.ru/pdd/pdd/punkt_8_11/#p8_11"" target=""_blank"">8.11</a> ПДД)        "
"Водитель случайно проехал перекресток. Разрешено ли ему в этой ситуации использовать задний ход, чтобы затем продолжить движение налево?<br><img src=""https://s.drom.ru/i24228/pdd/tickets/2016/1543885220.jpg""><br><ol><li>Разрешено</li><li>Разрешено, если при этом не будут созданы помехи для других участников дорожного движения</li><li>Запрещено</li></ol>"	"<b>Правильный ответ: 3. Запрещено</b><hr>
<b>Правильный ответ: 3</b>
<br/>
            Движение задним ходом на перекрёстках запрещено.
(Пункт <a href=""https://www.drom.ru/pdd/pdd/punkt_8_12/#p8_12"" target=""_blank"">8.12</a> ПДД)        "
"Разрешен ли Вам разворот в этом месте?<br><img src=""https://s.drom.ru/i24228/pdd/tickets/2016/1543885206.jpg""><br><ol><li>Разрешен</li><li>Разрешен, если при этом не будут созданы помехи движению маршрутных транспортных средств</li><li>Запрещен</li></ol>"	"<b>Правильный ответ: 3. Запрещен</b><hr>
<b>Правильный ответ: 3</b>
<br/>
            Разворот в местах остановок маршрутных транспортных средств запрещен.
(Пункт <a href=""https://www.drom.ru/pdd/pdd/punkt_8_11/#p8_11"" target=""_blank"">8.11</a> ПДД)        "
"По какой траектории Вам разрешается выполнить разворот?<br><img src=""https://s.drom.ru/i24228/pdd/tickets/2016/1543885190.jpg""><br><ol><li>Только по А</li><li>Только по Б</li><li>По указанным траекториям разворот запрещен</li></ol>"	"<b>Правильный ответ: 1. Только по А</b><hr>
<b>Правильный ответ: 1</b>
<br/>
            Действие знака <a href=""https://www.drom.ru/pdd/pdd/sign_4_1_1/"" target=""_blank"">4.1.1</a> «Движение прямо», установленного перед пересечением проезжих частей, распространяется на первое пересечение за знаком. На данном перекрёстке два пересечения, образуемых разделительной полосой. Траектория «Б» проходит по первому пересечению, что противоречит действиям знака. Можно выполнить разворот по траектории «А».
(«Дорожные знаки»)        "
"Разрешено ли водителю движение задним ходом для посадки пассажира на этом участке дороги?<br><img src=""https://s.drom.ru/i24228/pdd/tickets/2016/1543885174.jpg""><br><ol><li>Разрешено</li><li>Разрешено, если водитель управляет маршрутным транспортным средством</li><li>Запрещено</li></ol>"	"<b>Правильный ответ: 1. Разрешено</b><hr>
<b>Правильный ответ: 1</b>
<br/>
            Знак <a href=""https://www.drom.ru/pdd/pdd/sign_4_1_1/"" target=""_blank"">4.1.1</a> «Движение прямо» не запрещает движение задним ходом, если оно происходит вне границ перекрёстка. На этом участке можно подъехать к пассажиру задним ходом, при условии изложенном выше.
(«Дорожные знаки», пункт <a href=""https://www.drom.ru/pdd/pdd/punkt_8_12/#p8_12"" target=""_blank"">8.12</a> ПДД)        "
"Разрешено ли водителю движение задним ходом при отсутствии других участников движения?<br><img src=""https://s.drom.ru/i24228/pdd/tickets/2016/1543885157.jpg""><br><ol><li>Разрешено</li><li>Разрешено только до пешеходного перехода</li><li>Запрещено</li></ol>"	"<b>Правильный ответ: 2. Разрешено только до пешеходного перехода</b><hr>
<b>Правильный ответ: 2</b>
<br/>
            Движение задним ходом на участках дорог, обозначенных знаком <a href=""https://www.drom.ru/pdd/pdd/sign_5_5/"" target=""_blank"">5.5</a> «Дорога с односторонним движением», не запрещено. Поэтому можете выполнить маневр до пешеходного перехода, так как движение задним ходом на них запрещается.
(«Дорожные знаки», пункт <a href=""https://www.drom.ru/pdd/pdd/punkt_8_12/#p8_12"" target=""_blank"">8.12</a> ПДД)        "
"Разрешено ли водителю маломестного автобуса движение задним ходом для посадки пассажира в тоннеле?<br><img src=""https://s.drom.ru/i24228/pdd/tickets/2016/1543885140.jpg""><br><ol><li>Разрешено</li><li>Разрешено, если при этом не будут созданы помехи другим участникам движения</li><li>Запрещено</li></ol>"	"<b>Правильный ответ: 3. Запрещено</b><hr>
<b>Правильный ответ: 3</b>
<br/>
            В тоннелях движение задним ходом запрещено. При этом, независимо от наличия освещения в тоннеле, на транспортном средстве должны быть включены осветительные приборы. Действия данного водителя следует расценивать как опасные.
(Пункты <a href=""https://www.drom.ru/pdd/pdd/punkt_8_11/#p8_11"" target=""_blank"">8.11</a>, <a href=""https://www.drom.ru/pdd/pdd/punkt_8_12/#p8_12"" target=""_blank"">8.12</a> ПДД)        "
"Вам можно продолжить движение на перекрестке:<br><img src=""https://s.drom.ru/i24228/pdd/tickets/2016/1543885126.jpg""><br><ol><li>Только налево</li><li>Налево и в обратном направлении</li><li>В любом направлении</li></ol>"	"<b>Правильный ответ: 3. В любом направлении</b><hr>
<b>Правильный ответ: 3</b>
<br/>
            На перекрёстках разворот не запрещён. В данной ситуации можете продолжить движение в любом направлении. 
(Пункт <a href=""https://www.drom.ru/pdd/pdd/punkt_8_11/#p8_11"" target=""_blank"">8.11</a> ПДД)        "
"Разрешено ли выполнить разворот на участке дороги, обозначенном этим знаком?<br><img src=""https://s.drom.ru/i24227/pdd/tickets/2016/1542608979.jpg""><br><ol><li>Разрешено</li><li>Разрешено только в населенном пункте</li><li>Разрешено только при видимости дороги не менее 100 м</li><li>Запрещено</li></ol>"	"<b>Правильный ответ: 4. Запрещено</b><hr>
<b>Правильный ответ: 4</b>
<br/>
            Совершив разворот на дороге, обозначенной знаком <a href=""https://www.drom.ru/pdd/pdd/sign_5_5/"" target=""_blank"">5.5</a> «Дорога с односторонним движением», Вы осуществите встречное движение, что на данной дороге недопустимо.
(«Дорожные знаки»)        "
"Можно ли Вам выполнить разворот?<br><img src=""https://s.drom.ru/i24228/pdd/tickets/2016/1543885096.jpg""><br><ol><li>Можно</li><li>Можно только по траектории А</li><li>Можно только по траектории Б</li><li>Нельзя</li></ol>"	"<b>Правильный ответ: 4. Нельзя</b><hr>
<b>Правильный ответ: 4</b>
<br/>
            Вы находитесь на дороге с односторонним движением, по которой встречное движение запрещено. По указанным траекториям продолжать движение нельзя.
(«Дорожные знаки» <a href=""https://www.drom.ru/pdd/pdd/sign_5_6"" target=""_blank"">5.6</a>, <a href=""https://www.drom.ru/pdd/pdd/sign_1_21"" target=""_blank"">1.21</a>)        "
"Водитель случайно проехал нужный въезд во двор. Разрешается ли ему в этой ситуации использовать задний ход, чтобы затем повернуть направо?<br><img src=""https://s.drom.ru/i24228/pdd/tickets/2016/1543885079.jpg""><br><ol><li>Разрешается</li><li>Разрешается, если при этом не будут созданы помехи движению маршрутных транспортных средств</li><li>Запрещается</li></ol>"	"<b>Правильный ответ: 3. Запрещается</b><hr>
<b>Правильный ответ: 3</b>
<br/>
            Движение задним ходом запрещается в местах расположения остановочных пунктов. Такой маневр Вам в данной ситуации запрещается, так как Вы его собираетесь произвести в месте остановок маршрутных транспортных средств, о котором информирует знак <a href=""https://www.drom.ru/pdd/pdd/sign_5_16/"" target=""_blank"">5.16</a> «Место остановки автобуса и троллейбуса», а также зигзагообразная разметка жёлтого цвета <a href=""https://www.drom.ru/pdd/pdd/mark_1_17/"" target=""_blank"">1.17.1</a>.
(Пункты <a href=""https://www.drom.ru/pdd/pdd/punkt_8_11/#p8_11"" target=""_blank"">8.11</a>, <a href=""https://www.drom.ru/pdd/pdd/punkt_8_12/#p8_12"" target=""_blank"">8.12</a> ПДД)        "
Для обеспечения безопасности при выезде задним ходом с места стоянки, имеющего ограниченную видимость, необходимо:<br><br><ol><li>Подать звуковой сигнал</li><li>Включить аварийную сигнализацию</li><li>Прибегнуть к помощи других лиц</li></ol>	"<b>Правильный ответ: 3. Прибегнуть к помощи других лиц</b><hr>
<b>Правильный ответ: 3</b>
<br/>
            Движение транспортного средства задним ходом разрешается при условии, что этот маневр будет безопасен и не создаст помех другим участникам движения. При необходимости водитель должен прибегнуть к помощи других лиц.
(Пункт <a href=""https://www.drom.ru/pdd/pdd/punkt_8_12/#p8_12"" target=""_blank"">8.12</a> ПДД)        "
Если траектории движения транспортных средств пересекаются, а очередность проезда не оговорена Правилами, следует:<br><br><ol><li>Уступить дорогу транспортному средству, приближающемуся справа</li><li>Уступить дорогу транспортному средству, приближающемуся слева</li><li>Действовать по взаимной договоренности водителей</li></ol>	"<b>Правильный ответ: 1. Уступить дорогу транспортному средству, приближающемуся справа</b><hr>
<b>Правильный ответ: 1</b>
<br/>
            Когда траектории движения ТС пересекаются, а очередность проезда не оговорена Правилами (например, на стояночных площадках, на АЗС и т.п.), необходимо уступать дорогу ТС, приближающемуся справа.
(Пункт <a href=""https://www.drom.ru/pdd/pdd/punkt_8_9/#p8_9"" target=""_blank"">8.9</a> ПДД)        "
"Разрешено ли водителю маломестного автобуса движение задним ходом для посадки пассажира?<br><img src=""https://s.drom.ru/i24228/pdd/tickets/2016/1543885033.jpg""><br><ol><li>Разрешено</li><li>Разрешено, если при этом не будут созданы помехи маршрутным транспортным средствам</li><li>Запрещено</li></ol>"	"<b>Правильный ответ: 3. Запрещено</b><hr>
<b>Правильный ответ: 3</b>
<br/>
            Движение задним ходом в местах расположения остановок маршрутных транспортных средств запрещено.
(Пункты <a href=""https://www.drom.ru/pdd/pdd/punkt_8_11/#p8_11"" target=""_blank"">8.11</a>, <a href=""https://www.drom.ru/pdd/pdd/punkt_8_12/#p8_12"" target=""_blank"">8.12</a> ПДД)        "
"Разрешено ли Вам выполнить разворот при движении на подъеме?<br><img src=""https://s.drom.ru/i24228/pdd/tickets/2016/1543885017.jpg""><br><ol><li>Разрешено</li><li>Разрешено только при видимости дороги 100 метров и более</li><li>Запрещено</li></ol>"	"<b>Правильный ответ: 2. Разрешено только при видимости дороги 100 метров и более</b><hr>
<b>Правильный ответ: 2</b>
<br/>
            «Перелом» дороги ограничивает видимость. Разворот запрещается в местах с видимостью дороги хотя бы в одном направлении менее 100 м.
(Пункт <a href=""https://www.drom.ru/pdd/pdd/punkt_8_11/#p8_11"" target=""_blank"">8.11</a> ПДД)        "
"Разрешается ли Вам выполнить разворот в указанном месте?<br><img src=""https://s.drom.ru/i24228/pdd/tickets/2016/1543885001.jpg""><br><ol><li>Разрешается</li><li>Разрешается при видимости дороги не менее 100 м</li><li>Запрещается</li></ol>"	"<b>Правильный ответ: 2. Разрешается при видимости дороги не менее 100 м</b><hr>
<b>Правильный ответ: 2</b>
<br/>
            Впереди поворот. Разворот можете осуществлять, если видимость дороги не менее 100 м.
(Пункт <a href=""https://www.drom.ru/pdd/pdd/punkt_8_11/#p8_11"" target=""_blank"">8.11</a> ПДД)        "
"Кто должен уступить дорогу при одновременном развороте?<br><img src=""https://s.drom.ru/i24228/pdd/tickets/2016/1543884983.jpg""><br><ol><li>Водитель автобуса</li><li>Водитель легкового автомобиля</li><li>В данной ситуации водителям следует действовать по взаимной договоренности</li></ol>"	"<b>Правильный ответ: 1. Водитель автобуса</b><hr>
<b>Правильный ответ: 1</b>
<br/>
            В случаях определения порядка проезда транспортных средств, не оговоренных Правилами, водители руководствуются «правилом правой руки», т.е. у кого помеха справа, тот и уступает. У водителя автобуса помеха справа, уступает дорогу.
(Пункт <a href=""https://www.drom.ru/pdd/pdd/punkt_8_9/#p8_9"" target=""_blank"">8.9</a> ПДД)        "
"В данной ситуации для того, чтобы продолжить движение в прямом направлении, Вы имеете право:<br><img src=""https://s.drom.ru/i24228/pdd/tickets/2016/1543885032.jpg""><br><ol><li>Объехать грузовой автомобиль справа</li><li>Продолжить движение только после того, как грузовой автомобиль выполнит поворот налево</li><li>Выполнить любое из перечисленных действий</li></ol>"	"<b>Правильный ответ: 3. Выполнить любое из перечисленных действий</b><hr>
<b>Правильный ответ: 3</b>
<br/>
            В данной ситуации Ваше право выбирать: 
или объехать грузовой автомобиль справа;
или дождаться освобождения полосы, на которой Вы находитесь, чтобы без лишних перестроений продолжить дальнейшее движение.
(Пункты ПДД: <a href=""https://www.drom.ru/pdd/pdd/punkt_1_2/#p1_2"" target=""_blank"">1.2</a> термины «Перестроение», Опережение», <a href=""https://www.drom.ru/pdd/pdd/punkt_8_4/#p8_4"" target=""_blank"">8.4</a>)        "
